"huc10","Intercept","AreaSqKM","agriculture","summer_prcp_mm","mean_jul_temp"
"0101000204",0.985095128822,0.00339780370156832,-0.254928887701292,-0.380943759289089,-0.405839162118045
"0101000205",0.448471279438819,0.0313790973539294,-0.0991720670421012,-0.0727870683272888,-0.271951768270031
"0101000207",0.282794523824541,0.0130893479114068,-0.0650260382258828,-0.0669301933857177,-0.165492060519701
"0101000302",0.599804853822959,0.0198196313848902,-0.142868259123734,-0.175583238622072,-0.315180000946072
"0101000303",1.46944531250975,0.0724793291863719,-0.0837095719830239,-0.289446951788483,-0.841447498912725
"0101000402",0.54966914716901,0.0243043235828446,-0.128744817237242,-0.142304338563553,-0.299829927337948
"0101000403",0.615244538601864,0.0381131778401037,-0.137123813626655,-0.123868196576594,-0.375647948839318
"0101000405",-0.566206431217443,0.136174922947357,0.188734146663459,0.440843434582531,0.22624833757531
"0101000407",0.378281513990337,0.0313704525634588,-0.0798549941050466,-0.0508944793131409,-0.253621606684124
"0101000409",0.527261828069075,0.00475766319878862,-0.132235787632508,-0.199227200282431,-0.24020377397991
"0101000411",1.72588522417485,0.0633040069149366,-0.114713401081465,-0.427950279560643,-0.985953645901691
"0101000501",0.523372037366439,-0.00986818634899521,-0.12709814257612,-0.228757520680726,-0.219134210390923
"0101000502",0.966288738757148,0.00712033241875933,-0.204329912846521,-0.370224660313079,-0.431114040431395
"0101000503",1.35554017188865,0.00929531826508598,-0.290023410198791,-0.550976803227848,-0.554539795600055
"0101000601",1.13343202457127,0.19065348381816,-0.222584527689202,-0.0573299475799488,-0.625923635705692
"0101000706",0.0699485878537245,0.00565916486110652,-0.014419048601887,-0.00729461869209829,-0.0511623543814058
"0101000707",0.0628776125068663,0.00513588522367766,-0.012822253922565,-0.00531200154996474,-0.0473970751508608
"0101000804",0.423670038338668,0.0349485130912636,-0.0916124650994279,-0.075852879074841,-0.260241948204619
"0101001001",0.973600666080972,0.00587062267910439,-0.188221512975967,-0.345968191599062,-0.467955795641741
"0101001002",2.3221695419775,0.12410338047337,-0.323274322537853,-0.82925673216886,-0.888861632921368
"0101001101",0.54550467709893,-0.00987000424714837,-0.115225410384447,-0.233883881137415,-0.231799900523207
"0102000102",0.554947957348404,0.0473291890424518,-0.116228240189603,-0.0522015518521888,-0.379636236714514
"0102000103",0.590511118077911,0.0114520674375489,-0.150375168296339,-0.219912458585999,-0.238559821746544
"0102000104",0.636016557357138,0.0377378788931628,-0.141778544313242,-0.113049853152864,-0.395069501515622
"0102000105",0.88549858784551,0.0178369614283857,-0.225142580901665,-0.327202107471774,-0.359458876263022
"0102000106",0.435573681400271,0.0827697575299827,-0.0817662564569104,-0.0198167061919463,-0.248624878411902
"0102000107",1.35724706796584,-0.0241132994490734,-0.379098625135223,-0.669992302655087,-0.350676899614093
"0102000108",1.19297270230527,-0.120775518204054,-0.408536423691647,-0.975345181467858,0.183681949466368
"0102000109",0.619732466765237,0.00470214879939995,-0.157372760283792,-0.221466007233856,-0.279839666925179
"0102000201",0.919939699805275,0.0346954724551151,-0.217630832050716,-0.249823427440155,-0.49785086649687
"0102000203",0.445050858800061,-0.00420107717623506,-0.116539813023694,-0.181586718842335,-0.187015153435135
"0102000204",1.21325723563375,0.000330625124950072,-0.318141516994094,-0.496352030364569,-0.466562314519039
"0102000205",-1.28207980622154,-0.27345325929407,0.151498292823946,-0.490426179317121,1.61167104499195
"0102000301",1.36566666623361,0.00744534347533901,-0.338977956784814,-0.55165454851147,-0.553263439868931
"0102000302",1.4175094354717,0.0109731954715028,-0.346297546704922,-0.6149563810744,-0.503852856726244
"0102000303",0.637995575499318,-0.00571719217867067,-0.167444677772863,-0.273526493271595,-0.260849441321195
"0102000304",0.746539350957316,-0.00970339538518234,-0.197047499183606,-0.324966979955957,-0.299754859558234
"0102000305",1.18066523210581,-6.98551745772075e-05,-0.308485525159513,-0.513173637824646,-0.442763011075878
"0102000307",0.0531123745572516,0.0701155382840417,0.0413103764759698,0.23509384697316,-0.362156917879939
"0102000401",0.920494290809242,0.0262067300096414,-0.226041284005438,-0.296813298991577,-0.434666454097528
"0102000402",0.865214408358523,-0.018688846145353,-0.224931273784995,-0.396242871318534,-0.317233199092934
"0102000404",0.849630366932664,0.0320782356061535,-0.204438026654497,-0.23551760212367,-0.423688611091579
"0102000406",1.09913094881639,-0.0354203566580135,-0.310628805427416,-0.58257862248687,-0.285820090941543
"0102000502",0.714102276136262,-0.0195334800566713,-0.199886007334033,-0.377184453516158,-0.183593312585851
"0102000503",1.51992694335877,-0.0572780687166933,-0.489480264879126,-1.1696468184678,0.259379536744597
"0102000504",1.27270412965556,-0.0836890153748892,-0.390684761920886,-0.845662950851153,-0.127173063657556
"0102000505",1.87784866659075,-0.0416493567135776,-0.528812898020686,-1.19162955864852,-0.125147716021663
"0102000506",1.18181554265115,-0.0962753828983991,-0.366333532563917,-0.823468883342077,-0.115698645237904
"0102000507",1.80258532939137,-0.088317276252165,-0.513695466558522,-1.34153026685751,0.150692176824013
"0102000508",0.664155746744559,-0.0665799663178747,-0.210761619427389,-0.502333463771605,-0.0167624205507145
"0102000509",-0.0990314597761817,-0.0564870391929166,-0.234862518588002,-0.277963732739298,0.457470666879726
"0102000510",1.51230482547797,-0.11475218568787,-0.4052411513194,-0.984498601288931,-0.236068427316705
"0103000103",0.224176519132894,0.00417175603425129,-0.0546941155890647,-0.0680662464100776,-0.117440170099125
"0103000105",1.08725080745764,0.0420471435838805,-0.264677643962817,-0.339703606453356,-0.503317530886684
"0103000106",1.0459991070954,0.00226627732910166,-0.267958284659412,-0.400471227424428,-0.463924992600206
"0103000201",0.642117510734882,0.0403382299101466,-0.144132508180477,-0.134064143427307,-0.379206321579845
"0103000202",0.113534316116301,0.00950753567068688,-0.0233922758941909,-0.0116804731431156,-0.0821236913869229
"0103000203",1.40476925457956,-0.000426372965007804,-0.410709401606501,-0.774809719396979,-0.0850426807363766
"0103000205",0.987946909212802,-0.00607096497546675,-0.264916094527147,-0.44905525153125,-0.335580729535187
"0103000301",1.29480033644332,-0.00946109566258679,-0.347248070026443,-0.576533089264942,-0.444738137636553
"0103000303",1.38578598029552,-0.0467983597129638,-0.38553614830417,-0.733188464110711,-0.364660887310866
"0103000304",0.978629262266336,0.104549373666657,-0.206253593409519,-0.115750019613485,-0.580345711233011
"0103000307",1.89082590702235,0.0610005195937749,-0.491303092294311,-0.760976816913408,-0.551194571156326
"0103000309",1.93472484938656,0.137739926196628,-0.456439850158408,-0.569668340007723,-0.742106188061264
"0103000311",0.605110352569603,-0.0318927700229277,-0.175447877703583,-0.345210030025968,-0.138906580299544
"0103000312",1.35117071562321,-0.0533602625172896,-0.381715377486248,-0.715908504724827,-0.370219775513146
"0103000318",0.915257264049924,-0.0645328319945923,-0.223446743911019,-0.570308359867299,-0.176893454827545
"0103000319",0.0291330349320933,-0.0439015884674459,-0.113621768839956,-0.550930256453707,0.896313807665424
"0103000321",1.02109353170369,-0.0654483966201009,-0.264049636804639,-0.621760526381949,-0.211320338882416
"0103000322",1.08739155288954,-0.0647671762305088,-0.308864499606543,-0.650769650615693,-0.220264585606236
"0103000323",1.39575465910441,-0.117174355023895,-0.385354340180071,-1.02898171359782,-0.00571834842987035
"0104000101",0.0685610381866747,0.00603683078307431,-0.0138473200303448,-0.00614231390941195,-0.0515986773186179
"0104000102",0.0756834895672469,0.00156851186272405,-0.0180312881027027,-0.022343946153536,-0.0436678297989386
"0104000104",0.00588213907916721,0.000230433092272762,-0.00132365073934229,-0.00129512450316246,-0.00388727289255021
"0104000202",1.18515038276169,0.00111510428188324,-0.303953198692152,-0.472939474334912,-0.487507856800178
"0104000204",0.917012907365108,0.010931446481758,-0.232195918291374,-0.353494662551097,-0.381410671576599
"0104000205",1.38359662531429,-0.00672749067710361,-0.353015109949628,-0.558721891263654,-0.572485126122156
"0104000206",0.989607452954098,-0.0349030817826516,-0.268720293625798,-0.494774743168864,-0.325991203443152
"0104000207",2.09258730164301,0.10903289580621,-0.52233968519397,-0.89754808020788,-0.534844113115911
"0104000208",0.750226677021563,-0.0476567576325982,-0.206714836789068,-0.452842670781767,-0.161964244071128
"0104000209",1.73476626308502,-0.0197792967543311,-0.439510102185543,-0.809043988285499,-0.57089555715275
"0104000210",1.47629899653403,-0.0206542064889524,-0.382677529076071,-0.763145840655295,-0.377492256172082
"0105000102",0.866108413368068,-0.0710778210766332,-0.278043303514878,-0.621975565364211,-0.0128195879790079
"0105000105",0.488516698260443,-0.0878119913765277,-0.191511313027671,-0.573532985139555,0.258163421663968
"0105000106",0.899757291268739,-0.0580249796638585,-0.267844184362092,-0.551565109406388,-0.188177185880682
"0105000107",1.31248853501189,-0.0647649075677681,-0.389378013718893,-0.781627665120076,-0.225619468684028
"0105000108",1.1889567743831,-0.0570732590446469,-0.359811956521437,-0.793964345331111,-0.0889667445177987
"0105000201",0.765896597150593,-0.0478471447778091,-0.221980679658573,-0.461983282926487,-0.166760644645988
"0105000202",1.32312904924525,-0.123494918225879,-0.425890948080846,-0.983802795968177,-0.0304595833431386
"0105000203",1.02065559282775,-0.0681856700015463,-0.305533323910704,-0.633650957232696,-0.202730907843137
"0105000204",0.703363420515612,-0.0345831854322541,-0.203791563542793,-0.405443465489076,-0.168204379502667
"0105000205",1.62084473454594,0.12044271148591,-0.463574043927968,-1.12530823126979,0.348214210214841
"0105000206",0.768110951952633,-0.120605598150729,-0.324740804453825,-0.603986952777205,-0.050817430701558
"0105000208",1.68386655736611,0.015093580286414,-0.47588302104692,-1.04033271926585,-0.0915072386600322
"0105000209",1.96802145330592,-0.151446694636836,-0.542612030833325,-1.37834311286169,-0.129830047443154
"0105000211",1.26292422721659,-0.0320301458363509,-0.420808894225445,-1.09777816396966,0.427668503186865
"0105000212",1.82635151483408,-0.150639398370903,-0.573922569336934,-1.31681589065191,-0.0860591547713886
"0105000213",1.66072046918404,-0.120683990365071,-0.513629357010355,-1.13716350880619,-0.13076214681087
"0105000214",1.47117321320734,-0.12648723120371,-0.464684750489208,-1.04562117041044,-0.0853188763350511
"0105000216",1.57254429244146,-0.141179072209605,-0.497339150299511,-1.17739412435396,0.00150377716133962
"0105000217",0.733747611134393,-0.0891519325894768,-0.232948697011709,-0.621724203847359,0.0894337753049407
"0105000219",1.85662978778178,-0.141799915222642,-0.551800398633187,-1.23609431679557,-0.225154698543354
"0105000301",1.24613305068866,-0.00302194788778632,-0.29675113609037,-0.513188205968674,-0.527473370813015
"0105000302",-0.227700264308152,-0.0728278776075605,0.0758943098073957,-0.378249995199014,0.882953764984459
"0105000303",1.30419441683812,-0.117849468371262,-0.413246514128155,-0.937730148276205,-0.085786150824249
"0105000304",1.60274363487689,0.0137349846560032,-0.505475865677067,-1.33691156084061,0.537732093070091
"0105000306",0.674676305245776,-0.0850070222369599,-0.232144541977885,-0.582948350604445,0.0820490248306428
"0105000402",0.392210733480511,-0.0149289837544328,-0.108573893146697,-0.199589412205857,-0.132718207806674
"0105000404",0.350386605380296,-0.0147684427616691,-0.0985742683917514,-0.186452759507938,-0.106490979879796
"0105000405",0.520815717267413,-0.0241809934458616,-0.147458813122817,-0.281893755015532,-0.153973370815604
"0105000406",1.26407733296305,-0.00757401350039061,-0.356208757502659,-0.708978132825675,-0.22287513264721
"0106000101",1.91084271668699,-0.0878712280065237,-0.582756657078203,-1.31144682296997,0.0625708367505708
"0106000102",1.54969269274072,-0.0104067730554404,-0.387643531684596,-0.71200221144894,-0.509877680075824
"0106000103",2.14981991057883,0.0639626082412518,-0.548417794103588,-1.13515261227611,-0.27718351849115
"0106000104",0.0584388756261518,-0.000654420143592092,-0.0147568999171039,-0.0234858089708219,-0.0279106587915099
"0106000105",1.40292095995011,-0.0925398228969918,-0.397112567477352,-0.884456743678805,-0.248594499653082
"0106000205",1.9434270980917,-8.32037471227981e-05,-0.526945298542017,-0.953450098289213,-0.451917466114157
"0106000209",2.08431783391025,-0.00235621351869594,-0.556268043455438,-0.973820112404959,-0.575613226671907
"0106000210",2.7764000009077,0.1034938420124,-0.733965186593696,-1.37879229767284,-0.401727155029714
"0106000301",2.00825917638219,-0.164402825772796,-0.591741029018305,-1.46131345884324,0.00326596093621945
"0106000302",2.69975826862661,-0.11235260137583,-0.773772685975852,-1.57822536020614,-0.362387978655405
"0106000303",1.36736564856273,-0.109729780498133,-0.418946914783062,-0.954609732338244,-0.0879968901549336
"0106000304",2.51927897741054,-0.141859443242884,-0.711127531585776,-1.61010967292967,-0.217035180928158
"0106000305",1.91188207826879,-0.101165859091401,-0.54610477484227,-1.21259116710223,-0.134542365106565
"0106000311",2.3299547655296,-0.181837010768938,-0.725942920110588,-1.61959904529566,-0.111325177787953
"0107000401",3.04308446987435,-0.034888134240965,-0.387221882815484,-1.03140548860775,-1.60288040532753
"0107000402",1.93114851800194,0.395224921812154,-0.152752424566953,-0.897967269054119,0.692101988167365
"0107000403",1.91337382430004,0.0996799189736279,-0.400134708211847,-0.868859814133065,-0.28861098356288
"0107000404",1.68241734191732,0.180747672481568,-0.348338266300538,-0.7846286886477,-0.140413621212437
"0107000501",-0.881480734660497,-0.460517140863006,-0.149687453797434,-0.639039451744769,1.25170766601348
"0107000502",3.00848264191111,-0.258147336603602,-0.813297111247505,-1.0050161964448,-2.21648225260279
"0107000609",1.45669639704055,-0.0193771793251662,-0.389656203646759,-0.735853771187258,-0.30066005163222
"0107000612",-0.231123812530333,-0.134056337289739,-0.0472402340028681,-0.216625729940835,0.372783403654517
"0107000614",1.30412929862467,-0.0522408059523347,-0.294626834540054,-0.497761470968552,-0.677953799447548
"0108010103",0.0670884394982709,0.00661813681648733,-0.0130495319164684,-0.00264899617952163,-0.0529237589053841
"0108010104",-1.47561275618143,-0.250526997063652,0.228796997728421,-0.344483581756461,1.5032097906316
"0108010105",-2.97027290634973,-0.282365287659064,0.676974273394202,0.733701330854997,1.22899447262307
"0108010201",0.782579253655364,0.195184487854336,-0.0974226399711892,0.121214104898069,-0.586341291648
"0108010202",-1.24009584926618,-0.216025173121729,0.295218371351164,-0.0489808461804308,1.08209042226721
"0108010203",1.1874510182868,0.114944743985993,-0.213499077835509,-0.158466933063807,-0.714974164522489
"0108010204",1.46072564485684,0.363923514225299,-0.187651425127843,0.0601139802625075,-0.747023321575031
"0108010306",-0.0670850189333623,0.137559318738551,0.0961164140512901,0.424144232409326,-0.329883516221501
"0108010605",0.405039059117412,-0.434352288449438,-0.228787729457199,-0.706859507156434,-0.215501266268885
"0108020104",0.42113465255534,0.00328361035238367,-0.103347120302832,-0.148067715323252,-0.191463698010076
"0108020105",2.07729569821114,0.0967384732499541,-0.47563421916955,-0.682672556789777,-0.824601973646121
"0108020106",1.99124492464289,-0.296010982198441,-0.729827255476885,-0.874138601154837,-1.05977053200741
"0108020107",1.82566351545473,-0.0601640641150412,-0.502302633076496,-0.959305872066129,-0.371896176085653
"0108020201",-1.1010575715724,-0.031727673255647,0.311403507258537,0.770080274142307,-0.257205768164069
"0108020301",0.0556016483652505,0.00313238357237176,-0.0121381257549051,-0.00920789834220852,-0.037155699869359
"0108020302",1.64834795119952,0.106131046905725,-0.341647403955693,-0.315571473948917,-0.969384724579013
"0108020304",2.12286758973227,0.182845941423635,-0.378655522059116,-0.421069822987264,-1.10359212523626
"0108020305",2.08348274966156,0.0813337151476173,-0.432268657075679,-0.607229682832655,-0.990425567168103
"0108020401",2.28229226895961,0.0992133358711898,-0.604066713313232,-1.06963137521053,0.320377174904371
"0108020402",1.12406570758858,-0.353386712680972,-0.203410104293769,-1.06361808286444,0.205695496020373
"0108020404",1.85655073785461,-0.178571647404717,-0.592693494269932,-1.29210740982924,-0.0529547768332322
"0108020502",-1.26298745954498,-0.152538029793492,-0.157336688958005,-0.227444831487521,1.79691607241703
"0108020503",-0.296295624437025,0.0527677910956904,0.133761353219073,0.411154131536316,-0.368040954594965
"0108020504",-1.94678616706418,0.164560824541918,0.674325284855835,0.545633582473623,1.98030309882654
"0108020505",-2.26367014018506,-0.0923786553807872,0.410630659440959,0.33607897983889,2.09539834572022
"0108020506",-2.38476733831495,0.277050620099009,0.729134799513156,1.12144063135912,1.21154464429655
"0108020507",-1.5506461785607,0.0513012786971269,0.445851350887053,0.86880411914021,0.155528697798663
"0108020508",-2.53916843565224,-0.237181279532025,0.752730389072329,0.273846184515448,2.13979781252327
"0108020509",-1.77484353770997,0.409979851399955,0.5767728258639,0.744879475108783,1.56474529241019
"0108020601",1.53373973386006,-0.330769618814547,-0.412992894802729,-1.08130261506084,-0.186886515479882
"0108020602",1.8761984396596,0.0858071770582097,-0.448400430364142,-0.592402070539362,-0.712141499666185
"0108020701",-2.0916819339249,0.104984232367846,0.301553620329729,-0.0107072173094607,2.27838777514998
"0108020702",-1.8952432640637,0.672115325857547,0.682148872959468,1.41895099902007,0.230865178365337
"0108020704",-3.67847101054504,0.11844567110535,0.828337833962822,1.00258580761956,2.16746829613168
"0108020706",-2.85117125063431,-0.0584185075006891,0.624438562725102,0.792060865255672,1.60618572659442
"0109000101",-0.328529841313483,0.0622829626657776,0.123045638847994,0.356903695720204,-0.14345228060533
"0109000102",0.025208450420597,0.101859450174712,0.0639699977096454,0.090936823266093,-0.0695968300293785
"0109000103",0.619556734790159,-0.122310481593154,-0.238718325004726,-0.56027280605176,0.0234875589402789
"0109000105",-0.414661789638071,0.0549142843327516,0.152306018686766,0.400057913777059,-0.149920499355478
"0109000106",1.08497693623342,-0.0291230335131958,-0.215729353767502,-0.0159492706904284,-1.18802866428249
"0109000107",1.86318008799989,-0.158735788603827,-0.59948578941314,-1.54844080824763,0.355646040700238
"0109000108",0.0859959997729,-0.135644180505436,-0.19568283281423,-0.460285681327947,0.532589409190042
"0109000109",1.03041794321439,-0.0553605883623214,-0.297596657123989,-0.569218289916366,-0.274509722150408
"0109000201",0.317809659248875,-0.254339854432952,-0.03982984184843,-0.495064349193612,0.243719451739458
"0109000202",1.34420853975331,-0.0608221186801178,-0.402237814584165,-0.868547957842147,-0.11249743310385
"0109000203",0.125327827571436,-0.210689879798691,-0.164410144410582,-0.531403229931804,0.160341102739684
"0109000204",0.225487143969122,-0.0862912807189657,0.0687466002035945,0.0487684748705247,-0.603567925412616
"0109000205",0.658967722072795,-0.0353328188767054,-0.233826483328906,-0.693467567427618,0.33926379808704
"0109000206",0.909340557858876,-0.0326006591554078,-0.247436449650699,-0.456328329961699,-0.302364214303503
"0109000301",0.41889064401236,-0.503263910579472,-0.382139532353739,-1.00977026707789,0.111069235762875
"0109000402",1.88086423878077,-0.28955117117314,-0.714786834244968,-1.82742508523592,0.795967143698071
"0109000403",1.49405807248527,-0.184587561884413,-0.497007616915887,-1.17913567050815,0.0892612944918746
"0109000407",0.73415989332559,0.0257530593305776,-0.160273288439619,-0.273914641282081,-0.283015999042105
"0109000408",0.204197403897845,-0.0674662281529381,-0.0108950092861896,-0.212258694892721,0.109905891706047
"0109000409",-0.128888741602397,0.0132140704596371,0.040373730719252,0.114758138226514,-0.0397872195590844
"0109000501",-1.68396113980406,0.0694300714367357,0.459623170629972,0.919641226666419,0.374939260747174
"0109000503",-1.63136799146732,0.17576609103273,0.383332369707666,0.10697218277453,2.04112480540295
"0110000101",0.00805579325739078,-0.535009691205648,-0.0114733307041786,-1.15119306140829,0.881465242803137
"0110000102",-0.7699096689125,-0.372254941710128,0.145357018556629,-0.573515845792661,1.08238397388551
"0110000105",-0.549608423937331,0.075715997968032,0.270559354162408,0.689335019069506,-0.542320087599229
"0110000107",-1.91429849079493,0.193075022910422,0.447046229033161,0.617883137309235,1.67116527191112
"0110000201",-1.85342617771807,-0.01680892319022,0.533989728067091,-0.139044081997777,2.14601679238291
"0110000202",-2.53308614215991,0.240582720223617,0.624041197211599,0.506154247708821,2.50930838236313
"0110000203",-0.948889512547944,0.475053720146759,0.205353263837206,0.462599803076524,1.24269598911591
"0110000301",-1.15294529789682,0.0546918410243652,0.46336724003368,-0.0642444787478145,1.53521352314493
"0110000302",-1.40678050323406,-0.113695549396568,0.168005960689164,-0.0196071470448044,0.841184229462747
"0110000401",-1.84378373001284,0.0974734668162343,0.557371287122783,0.487382012011808,1.17228694019849
"0110000402",-2.06700460916059,0.368293652640161,0.581272280254012,0.490487607877361,2.60640056611695
"0110000501",0.591037623116695,-0.10235012602627,-0.136020958227497,0.53196885154252,-1.57574146893142
"0110000502",1.64375093358384,0.273355438328126,-0.245393747634585,0.0533497176820916,-1.17047704307741
"0110000503",-2.9904604644691,0.359291300032666,0.684028464879104,1.33233459287729,1.58907343504527
"0110000504",-3.19782662654972,0.0769236900483718,0.740935032313095,0.608697818918035,2.39462785020812
"0110000505",-1.21373092439148,0.367749275872836,0.246986650328644,0.853725645728559,1.05864356459346
"0110000506",-3.44169546966375,-0.31695674459353,0.715269605722452,-0.0134773505396633,3.77635801610099
"0110000507",-2.5616956702474,-0.168428812730382,0.165258562985757,-0.23801402620625,2.83205448724692
"0110000508",-1.49037243681745,-0.0101670581204712,0.42324444541177,0.638644756410668,0.0948700032570811
"0110000509",-2.74840052631314,0.0469049020317625,0.665970970967944,0.519923752579788,2.14617485356417
"0110000510",-2.07658700289502,0.337468134155846,0.632665198650686,0.835563687733547,1.72143435292167
"0110000511",-1.78507331537881,-0.113096951322152,0.162823551540731,-0.555150268040859,2.50789248959354
"0110000512",-2.18135612302741,-0.386301797588738,0.193262503911617,-0.230583521232707,1.1276628316339
"0110000513",-1.26001842655986,0.0757766136433531,0.383508682821278,0.871011231008912,-0.123190131888829
"0110000602",-1.95134517168543,-0.283778422450992,0.255389186281827,-0.170469457384966,2.44341647140917
"0110000603",-1.28992558169885,0.081494802332008,0.311312621636449,0.466054557010159,1.06459289447267
"0202000102",-3.13179529578458,0.198311622584894,0.883359199278588,1.68634914562885,1.16969970564519
"0202000103",-1.30013989391739,0.0373058398656828,0.328824988568087,0.464392150721139,0.674218352847147
"0202000104",-0.0385045545550358,0.0573632895670613,-0.022110275189649,-0.198551868458178,0.49442673337949
"0202000105",-0.0903010619871,0.360686065319332,0.148985078962876,0.622927150655106,-0.146692468954437
"0202000106",0.865142664220578,0.0021791313801782,-0.221420284480323,-0.349486789134313,-0.333218513659226
"0202000107",0.158488815535352,-0.169790496803526,-0.193871167709116,-0.969823122993912,1.06177124853799
"0202000201",0.0246404202340603,0.000644862282730729,-0.00577210031821574,-0.00654962670912559,-0.0148689660662471
"0202000202",0.0900824865171995,0.0161644876029257,-0.0140353038748398,0.0189142803654306,-0.0859707525015606
"0202000204",0.203247918822554,0.00819000107157295,-0.0472727660283153,-0.0486903724012338,-0.117311910302238
"0202000206",1.94458180721195,0.142723709026848,-0.429539618614882,-0.550405788591699,-0.774464350247596
"0202000207",-1.48195216222439,0.24663140047134,0.428816844639318,0.740441713620524,0.943893712947146
"0202000302",0.944871437462333,0.0340252025824663,-0.177661897424641,-0.274855610315766,-0.45118172346071
"0202000303",0.93112226912117,-0.117191992155303,-0.425590379058292,-0.83860286572771,0.186543393010291
"0202000305",-0.710286559618767,-0.0568474721618383,0.0985476678137376,0.682300898849813,-0.573225408231602
"0202000307",1.04457545358227,0.151744421595628,-0.107305263313985,0.0223721502612741,-0.735751523657908
"0202000309",0.0218730238870506,0.0376603709472005,0.0784268417791183,-0.307347315703317,0.529299137658445
"0202000311",-0.186052824910036,0.0786501754455447,0.185052888849141,0.395471468726304,-0.291321039028009
"0202000401",-0.305113219849876,-0.127759991188283,0.437622511815252,-0.253389303485681,0.678781297865716
"0202000403",-0.525152563047841,-0.19389160999264,0.186093683024956,0.112642972667792,0.0567183028646942
"0202000404",0.155755307420712,0.08117571540882,-0.00549718770104685,0.127106112371072,-0.178773818217741
"0202000405",-1.07247090137946,-0.256839841456445,0.153273594900276,0.0730107100618573,0.281427342945801
"0202000406",1.13425633555974,0.223715962111154,0.155612315811217,0.318675402519748,-1.01941171881383
"0202000411",-0.741760578094024,-0.166920960799285,0.46411299956526,-0.543308862669128,1.3844752998084
"0202000501",-1.90457028574821,-0.512684140134261,0.363002440618096,-0.0762829656712057,0.888859059600998
"0202000502",-2.19856939634804,-0.625500455950831,0.390978464250523,-0.475274648880868,1.43767494330314
"0202000503",-2.1119689730503,-0.246188986410234,0.229954076643262,-0.139599428598686,1.75866120296609
"0202000504",-0.294687956169515,0.406356809967458,0.443890303875301,0.929989840874256,-0.129692171970172
"0202000505",-1.2382963863755,0.0496191956217356,0.201656857461419,0.679799858042043,0.314097732221149
"0202000506",0.220269025029431,8.64227981490183e-05,-0.0562596123896571,-0.0821565856925656,-0.0979081345831695
"0202000507",0.741435509850342,-0.0385379534494941,-0.179651393052888,-0.411264692924356,-0.209871225951985
"0202000601",-4.27644589192473,-0.0627364285181549,0.872432949087062,1.80634691828894,1.39508425085022
"0202000602",-2.21581192520402,0.00439891031239688,0.637415298484561,0.938123246491755,0.98195675753406
"0202000603",-2.41858234408174,0.159237186495531,0.743799925188868,1.12572856461901,1.19155421027562
"0202000605",-1.33051249229962,-0.610650408118601,0.556367126196971,-0.800283194814795,1.72770390150802
"0202000606",-1.39656007336097,-0.275891284307314,0.101006006553242,-0.151655922622456,0.644070850832948
"0202000607",-1.70819487050589,-0.579486892444939,0.182007352499708,-0.417689698682419,1.17563757880029
"0202000608",-3.80319825519121,-0.0414071702943485,0.851232738254067,1.81360804396699,1.19687270257918
"0202000609",-2.30572845525124,-0.536018732803426,0.376069240592102,-0.371157922232304,1.27535264543135
"0202000610",-1.93737634429628,-0.280545622366729,0.464366022524082,0.855536869151026,0.235869835288838
"0202000702",0.912853247407459,-0.0297322486495235,-0.0321618642353358,-0.276493394318467,-0.0511003800652647
"0202000703",0.455531096693564,-0.157062895743445,-0.171567885977919,-0.49203212853759,0.104372713926948
"0202000705",-2.5125776967771,-0.474115075618015,0.48600710806466,-0.00906045226630059,1.36729755678984
"0202000706",-1.20268639304017,-0.455681760379149,0.154349457564702,-0.491899538741258,0.754492285767358
"0202000802",1.49667049848077,-0.228315127324918,-0.46562046620126,-1.24764013773218,0.204044703998035
"0202000804",-0.331752548117062,0.0770637381378659,0.0640943302325584,-0.114669028465731,0.462361292051442
"0202000805",-0.589030894803157,0.0697769308394189,0.205128470871972,0.528723055467431,-0.22881778191829
"0203010101",1.30985240662225,-0.187831052541908,-0.402501304185467,-0.86588228339493,-0.548353833200104
"0203010102",0.278691405535712,0.0929676682388091,0.242839564701926,0.38273376847816,0.0875968079540789
"0203010103",-0.238327245053104,0.0539857312807677,-0.139027864947968,-0.0959719235891988,1.36229248948378
"0203010104",-0.245678617476949,-0.0754151690060076,-0.0318418422409802,-0.355932189883497,1.04412905045868
"0203010201",-0.301946246110036,0.00203894971012625,0.103950795918808,0.196359721972266,-0.177885593771262
"0203020102",1.01115461067074,-0.0461122427580216,-0.338156913625323,-0.738427379622568,0.257953614032005
"0203020103",1.5379376401168,-0.10500446672942,-0.573565600131299,-1.50077030505865,0.928806574315466
"0203020202",0.745418797803526,-0.0292161164444913,-0.377197291305454,-1.20384801931062,1.59720074073536
"0203020203",1.50589791187566,-0.134812131977358,-0.509343102025994,-1.22012067298295,0.254672335648693
"0203020204",1.57359263974799,-0.166345077262409,-0.525041886966274,-1.19573781005698,0.0637688867452773
"0203020206",0.681511309723315,-0.0977024813046374,-0.220672212831218,-0.661297812518588,0.227810281321732
"0204010101",-1.49743893570042,-0.0415463482349012,0.671450533338381,1.09779994500975,0.00667970532592008
"0204010102",-1.33545340638578,0.184417242546639,0.820537946066699,1.24543215878834,-0.3971030180749
"0204010103",-2.40345546511091,0.466892316825102,0.518719373679843,1.91988354485603,0.443634725570775
"0204010106",-1.30793593091835,-0.0671999494452641,0.383518355464196,0.550165600240149,0.399934707035343
"0204010201",-1.37000049697408,-0.00658928650104505,0.398645232351102,0.501782443750496,0.83407523067676
"0204010204",-2.66254954939031,0.0966475030112952,1.28172400315135,1.56128178778824,0.971062729428765
"0204010301",-2.64399078233416,-0.113665828780409,0.414012979865134,0.949649051419467,0.971073920452655
"0204010302",-0.959781879050674,0.154198623332718,0.340991877227609,0.346083393242091,0.746575071321177
"0204010304",-1.39640872840531,0.0733411408317437,0.301801205636133,0.525481822049199,0.724103726905221
"0204010306",-0.233973335730745,-0.0503182238979199,-0.0921372091578651,-0.0200638948328878,0.114324094456672
"0204010401",-0.197791044491125,-0.44113815737565,-0.14392868005196,-1.47285176486033,1.48015775226609
"0204010402",-1.22371972733366,-0.0155119000171459,0.247755670833166,0.0078148551836878,1.23021872838241
"0204010403",-1.35291812457393,-0.225653257981685,0.626129989818971,-0.140853184061733,1.10911291147568
"0204010404",-1.03147223285889,0.166294469901004,0.341521829379966,0.80864628933293,-0.0699387143500102
"0204010405",-0.365230677003322,-0.0280256442789883,0.112872239604437,0.506858309776308,-0.342117633165178
"0204010406",1.41195161862143,0.241918475856665,-0.291314596039576,-0.133063414474704,-0.614051968854168
"0204010407",0.0853060277883232,0.220004530047055,-0.00855064264761068,0.0679949946489476,0.651520810085513
"0204010408",-0.0724159111248445,0.0488234496625855,0.0535320226843466,0.527639423004282,-0.127056487782628
"0204010409",0.445119132325529,0.0170274820045448,-0.0971937134436244,-0.143107844664199,-0.421359205699119
"0204010503",-0.338265056606126,0.161050725252851,0.647959551989355,0.748515929208867,0.102348534417307
"0204010506",0.986879798886732,0.935171778001918,-0.0454701544628,0.475115493998345,0.498550274857192
"0204010507",-0.332758154494617,-0.0376141293560106,0.0645429290555004,0.164886858577642,-0.306169469242669
"0204010509",0.0457636156841696,-0.022716405492582,-0.0384717572195973,-0.0368600098228958,-0.0923264686918265
"0204010601",-0.725897956471262,-0.0941480387576722,0.133990014725961,-0.0601309494107718,0.590151212493876
"0204010602",-1.74760773804964,0.261902190121501,0.441366558233506,0.313874112688903,1.58773219947768
"0204010603",0.949944828364777,0.307842247271012,-0.091683647965446,0.195090054321695,-0.546253961499659
"0204010604",1.10115012536481,0.140440636590196,-0.114330709527347,0.175853099010875,-0.847793238900022
"0204010605",0.865606970872341,0.0826939477189515,-0.0145880372496814,-0.00161630607041099,-0.333802826911665
"0204010606",0.0149181593467981,-0.0045857208966558,0.134286867968437,0.0404431737680482,-0.0333442693200087
"0204010608",-2.56136790238448,0.347320026818684,0.976659258746045,1.5056637020641,0.987001728023038
"0204020102",0.099465886401913,-0.0136197676379802,-0.0351793088636709,0.00607777102817567,-0.245410790979892
"0204020103",0.0834303968526554,-0.00609902896989249,-0.0338948632362864,-0.0331402991924031,-0.0860977895806616
"0204020204",0.00508010004602919,-0.00304183818031603,0.000839405837806876,0.00628043408778959,-0.0356549161152042
"0204020205",-0.0971404235439019,0.000358320744632643,0.0470084716978889,0.136951022487629,-0.220664809431177
"0204020301",1.54607395654894,0.626046789806274,0.120504236860235,0.749317293317281,-1.13447025078328
"0204020303",1.03843536262751,0.426059229458674,-0.314016485693086,-0.869696972624914,1.59690213243928
"0204020306",0.482534864646685,-0.338451334886353,-0.73091021556029,-0.971206799899237,-0.283245689705478
"0204020307",-0.23743907363398,-0.0788318384874119,-0.0842131246762813,-0.0607591060590558,-0.0307371840481057
"0204020308",-0.33351683164488,-0.212146692019238,-0.142074272744194,-0.228580624243418,-0.186821130977697
"0204020310",-0.994085917510178,0.257396141095973,0.494068757267509,0.916425799178935,0.0118855591031749
"0204020501",0.426886195593569,0.050871906335822,-0.0874565545190154,-0.376339597043426,0.719703974295552
"0204020502",-0.83900562060462,0.239926649379117,0.506398469246226,0.249389373695485,1.38229417110956
"0204020503",0.0105055639265084,-0.000341393988521314,-0.0098408171985803,0.00609732820058354,-0.0368044363881031
"0204030304",0.0131515572122014,0.00607337582847804,-0.0147032996113613,0.0266116529098806,-0.0745370881585257
"0204030401",0.00406967179035451,0.00280641472994255,-0.00448910584718492,0.0108854100985767,-0.0234963846048788
"0204030402",0.00571690574398342,0.000854765257672967,-0.00291255637944562,0.00164656615129754,-0.00968398630394844
"0205010101",2.1856532650001,0.0205697629920114,-0.534854201396398,-0.711565306859713,-1.3092719124799
"0205010102",2.37037001947671,0.420307864719964,-0.347582286714996,-0.511629066240463,-0.638973685180931
"0205010103",3.51955692361574,0.362327651194405,-0.489054804208526,-1.01998386043584,-1.12217631659502
"0205010104",3.1026476772823,0.352282756441256,-0.556016315382007,-0.965845421606979,-0.910971003472495
"0205010105",1.29948059623009,-0.245815494944229,-0.0170161057509631,-0.538429824585591,-0.763599346657686
"0205010106",0.151022986661398,0.183369142857856,0.64344912700805,0.325639506253513,-0.155515434296535
"0205010107",3.60002325812122,0.357647208978687,-0.0175253629166018,-0.791753024520227,-1.26618755162653
"0205010108",1.96319282323301,0.33491428316864,0.307256216737986,-0.657945647727931,0.0382377948941742
"0205010109",-0.1183368009248,-0.178569001123628,0.814041307518077,-0.372332721022418,0.785801634776096
"0205010110",0.119918270438097,0.264373078533151,0.392789818121862,0.830635401504011,-0.649897846569319
"0205010111",1.35811156580611,-0.158379632626517,0.145936277300574,-0.296620621201861,-1.17316245017947
"0205010112",1.98146775859003,0.403398767546108,-0.0187103679202866,-0.143559575180595,-0.710719109088267
"0205010113",0.718105191488957,0.295966032609702,0.0792106786737248,0.378893609985244,-0.626214488545012
"0205010201",2.36305900547811,0.147184244405639,-0.142705579004658,-0.737424240447494,-0.791930415249406
"0205010202",1.84413927659616,0.0285951602712268,-0.00500210637678117,-0.597975626154136,-0.748637971861968
"0205010203",-0.5549969224132,0.522364750179,0.282531342020155,0.995093792133832,0.154032565177767
"0205010205",-1.68955484674492,-0.149659052031439,0.374801235012509,0.568865023062645,0.481413039915849
"0205010207",-1.09735385956234,0.199513406614026,0.14756100957124,0.270479336906627,1.07393663556006
"0205010208",-0.96220443780901,-0.123206717578423,0.565816338009163,-0.0770646601145552,1.0450605762288
"0205010301",-1.74263869906197,0.00198541482994878,0.338617159270864,0.878629386926365,0.41859391438508
"0205010304",1.80814151586693,-0.119253564080351,-0.366799273905215,-0.762248735700812,-0.780470368792368
"0205010307",0.546049315796761,-0.185339025289224,-0.202305400477566,-0.32047070757164,-0.428354899583549
"0205010401",1.07910470529295,0.0304082704350956,-0.214755829937014,-0.44195533433119,-0.357529090579162
"0205010402",-0.907062089472377,-0.109224425281961,0.112461119350368,0.3174521333253,0.226069512957261
"0205010406",0.391117690695295,0.00873316276822811,-0.272753289421317,0.113996810968425,-0.63720760782685
"0205010407",-0.622172822402476,-0.0327728886271396,0.0114090384035218,0.376501402599159,-0.0535670123269667
"0205010409",1.43325647081668,0.129516438464409,-0.47828557241534,-0.478137540379751,-0.469808346796641
"0205010501",-1.03121862225847,0.113327461366728,0.691966255843827,0.520459993332357,1.00592414142867
"0205010502",-0.793830114534371,-0.0190494458491295,0.587723443428773,0.499282100098214,-0.101161928560675
"0205010503",0.665874384327181,-0.0126967145165019,-0.161573414695531,-0.301379991575706,-0.258558176243386
"0205010504",-0.864139109688389,0.0780366492360202,0.13127304078159,1.02593144028389,-0.632110438867974
"0205010505",-1.59656633194566,0.0849684063148467,0.436118633382428,0.900928760900417,0.426387738913666
"0205010601",-0.0634059541199719,0.233255685085888,0.182196802942114,0.293253178166011,-0.106198094922765
"0205010602",1.26223333597096,-0.041226965788543,-0.352832824875617,-0.610787544839401,-0.38168256724414
"0205010603",-0.430119525271036,-0.143331276626297,0.310722714047164,-0.231141813869693,0.599688375928599
"0205010605",-1.02495899434001,0.0616832632607086,0.220305320507282,0.682654764195706,0.0860015980492789
"0205010606",0.16111333154093,0.137545376854339,0.0422559881531449,-0.245751471072988,0.4931787700847
"0205010607",0.764791478527302,-0.217576472757352,-0.0228436381333734,-0.42561715390964,-0.574705424966258
"0205010608",1.22374890597654,0.0354472318095334,-0.211339579850754,-0.308293940167736,-0.669082471053337
"0205010609",0.740393432133698,0.41899177994027,-0.0889580168660757,0.137361725821784,0.152532761641812
"0205010611",1.82022065253984,0.138882013941582,-0.380940288193964,-0.845982333537195,-0.0644892401640074
"0205010613",1.5869574041455,0.532702800443724,0.145264488690768,0.247378744880301,-0.52365496406291
"0205010614",-0.437342177208831,-0.101559239679353,0.125101519912767,-0.589895916217361,1.59788265586818
"0205010701",0.160546368568808,0.0703061251896789,0.100142775241233,0.523252122069402,-0.214540149746256
"0205010702",0.246612121977375,0.0127339770079133,0.0579690276116976,0.3108281791318,-0.644288959611881
"0205010703",-0.715563612831485,0.415209350771058,0.59651429319057,1.19612900061623,-0.0471331915103813
"0205010704",2.2834652004411,0.146611920008129,-0.112715509072307,-0.367996664928617,-1.15593546140516
"0205010705",2.09435766461078,0.343727106178812,-0.535995557117763,-0.0349772871380555,-1.37993690961511
"0205010707",2.17821326418736,0.398324701897472,-0.241770379936021,-0.113887521579473,-0.719573942242116
"0205010708",1.2919911594656,0.0826427582495358,-0.216756745983619,-0.232746838427111,-0.57179422231653
"0205010709",2.77928312673829,0.393939506265167,-0.737921778525705,-1.01639576107654,-0.235394199416568
"0205010710",-0.119559470179093,0.436087987284906,0.861123251678328,0.473500976027466,0.978547147469534
"0205020101",0.498502416905257,0.00867105065768544,-0.11072945126055,-0.156969119978525,-0.252460438767635
"0205020102",0.266443115441954,0.0109807955738564,-0.0369471441320583,-0.055344082979815,-0.169181366326663
"0205020105",-1.34167781756565,-0.15059771008672,0.401121993697133,0.512972988836491,0.272414212926596
"0205020107",-0.249156701103103,0.086312559793216,-0.0552753773635119,0.156550805908209,0.220317557338545
"0205020201",0.675759593009327,0.0779910353702364,-0.141013533000603,-0.128847256958323,-0.347504690718041
"0205020203",-0.188778477063502,-0.118992585315141,-0.123241439835324,-0.882294486110755,1.15683249909083
"0205020204",-0.879708168424608,0.0933979397625822,0.291557899369771,0.212697510618923,0.731983970401941
"0205020301",-0.0635550053460657,-0.360117079742146,-0.072445700410448,-0.255945167872829,-0.193491475367132
"0205020303",0.451404788115999,0.0381167599541617,-0.0992490359546481,-0.0962313774387438,-0.255217968170176
"0205020304",-1.2987626202146,0.230408618484987,0.281743302848731,0.958373861143955,0.336057663075635
"0205020402",0.709368134416895,0.0064243460047946,-0.1828144019171,-0.270613857939457,-0.285921726054113
"0205020403",0.857939524792386,0.576913682393571,0.279542765739486,0.586541177471165,-0.248698159890864
"0205020404",1.12715504503811,0.2785082632081,-0.291865759620492,0.363257096273917,-1.13027677190384
"0205020501",0.421148325319,0.0572444678989442,-0.0861628628246169,-0.067239170996232,-0.233429170275646
"0205020502",0.439325864245721,0.0173125429877791,-0.0936322107200315,-0.127650243372483,-0.236526493045509
"0205020504",-0.433579495158556,-0.345261800487001,-0.0331067475776183,-0.0177103590360517,-0.184066316139156
"0205020505",0.658027546018902,0.0230115053359001,-0.124309902739434,-0.201604651945752,-0.337150930960256
"0205020506",0.673332906904387,0.0539572297285045,-0.32340313325725,-0.134148026321842,-0.48101692423325
"0205020601",0.299954564169135,0.0668280169537633,-0.219790214220459,-0.0318195265732214,-0.248864493956486
"0205020603",0.243623019161527,0.0224444018591573,-0.048848987710552,-0.0154389046195532,-0.18118127129245
"0205020604",0.336552952275276,0.0108706783228251,-0.0677500653857671,-0.0917730569024471,-0.188738579524179
"0205020605",-0.5906490088961,0.435562587024534,0.419192345985288,0.583917391714876,0.313258005677853
"0205020606",-1.29828443199212,0.0745571893967372,0.286821106767446,0.72038897373049,0.350457617143099
"0205020607",-1.82710373091722,-0.304763453676176,0.168746704671738,0.0819993781185577,1.0157940342423
"0205020608",-1.65361351430614,0.294110755506822,0.482226592738958,0.596028860290793,1.39244299081658
"0205020609",-0.122251054914145,-0.110992907307351,-0.0231714329059847,-0.00681055635745388,-0.102269010046263
"0205020610",-0.392309222091867,0.0125982017513722,0.0125139983362789,0.269942659306877,-0.0159683441955148
"0205020611",0.32129506921615,0.0259846772447537,-0.242028475600106,-0.0313313468506972,-0.315775386847334
"0205020612",-0.891716044433726,-0.287461536484917,-0.0068983317433939,0.118102160158608,0.0389918802459487
"0205030101",0.254884749573723,0.00315926553058448,-0.191585688600118,-0.0697163265679,-0.217699451108389
"0205030102",0.433889843904206,0.0730820761357692,-0.0676178990040767,0.179963811205286,-0.513826121943933
"0205030103",1.34738435268668,0.0476165272952841,-0.259002926453111,-0.492400877271682,-0.181452008149303
"0205030104",0.243401638169715,0.0487049721472185,-0.0431850572853441,0.315611556288707,-0.528514623513216
"0205030105",0.76786878116332,0.0621335952085539,-0.160621266954908,-0.161526373863179,-0.315655237015563
"0205030109",0.506659731974532,0.541379131260002,0.0349419783040794,0.0468392176693811,0.743075797029249
"0205030110",2.17504869720125,-0.0461502783843069,-0.347919743125756,-1.14810751192887,0.0674829042196131
"0205030201",-0.133708790507019,0.346441131176694,0.391634351396541,0.254816187045048,0.461599689743639
"0205030202",1.2063639003762,-0.0768332762585373,-0.337627369254863,-0.532174985039568,-0.520668883222761
"0205030203",-1.38499762266568,-0.198851357347725,0.396307796285396,0.26334712093919,0.741493518525601
"0205030204",-0.757097903193638,0.0357572590439467,0.136571661158945,0.534427758245713,-0.0552151091973332
"0205030205",0.488747663955792,0.545826803775543,0.0596948833361243,0.767107713829917,-0.569311879764381
"0205030207",0.812124599001868,-0.155967472378968,-0.234452854574681,-0.355033198506529,-0.596298625975538
"0205030301",-1.52473054925672,0.108989624404599,0.421960583394334,1.02089254484498,0.210842635658419
"0205030302",0.932908409916398,0.0286976755146571,-0.208731576658859,-0.286362009219412,-0.453166096811427
"0205030306",0.858294895158862,0.249953451117382,0.20118950758522,-0.707070150715611,0.777997313022754
"0205030401",1.16459574206648,0.10263579512354,-0.138943915916752,-0.597504932698907,-0.0277815648861526
"0205030403",0.718634278440113,0.0456116113688609,-0.202027024582572,-0.0214052321474265,-0.65806562960021
"0205030405",0.556937901196598,0.060380345962906,-0.220348388954263,-0.0876343099305384,-0.354612245519204
"0205030406",1.30615488059086,0.275715528296525,-0.200968110224857,0.194637816391434,-0.866183301005875
"0205030407",0.437793845302919,-0.0284990732400192,-0.0957304124317015,-0.350064282334863,-0.0484783334209092
"0205030409",1.81470225348854,-0.05582790944566,-0.537510358519382,-0.685274576243104,-0.895120985928749
"0205030412",-0.537572322649508,0.0336472558779153,0.644852548052681,-0.00275923371334258,1.11444927868145
"0205030502",-0.624592259319043,-0.414550104318419,0.473039909555834,-0.861219763176771,1.56914859489446
"0205030503",1.23173414233279,-0.424628910602626,-0.18299253828985,-1.89995059545447,1.32379143803631
"0205030504",-0.639980909377944,0.0401725078275441,0.0239870792476185,-0.503448062772351,1.68898158344806
"0205030505",2.58956354514787,0.45971891059022,-0.587480715423258,-0.719209414110653,-0.411603244598798
"0205030507",0.00310446901721582,-0.00130551015403848,-0.0020301441323315,-0.000698616730994176,-0.0059576684361558
"0205030508",-0.94957788383696,-0.319260538413692,0.441930065741173,-0.899445907019417,2.50676771370702
"0205030509",1.06422899483821,-0.00772447403145649,-0.287687758546161,-0.582338692926636,-0.00293855473803928
"0205030510",1.68910535832524,0.252512120804893,-0.391834825378975,-0.58314378415337,0.026494768519466
"0205030601",-0.0507141472953539,0.0106631095420451,-0.0365227999355725,0.0740614302050963,-0.0855913202065528
"0205030603",-0.202738501580031,0.00237053070548704,0.00452952215330776,0.140332763321859,-0.0389360603251065
"0205030606",-0.899669099725217,0.377136613487499,0.284401309982129,0.325851444898981,1.16524897425232
"0205030607",-0.419716673254164,0.315880084018074,0.410762097134051,-0.0851373869220482,1.45863575347058
"0205030608",0.19562946848789,0.0681579855306455,0.00639222952978701,0.0392620917354976,-0.122080614509901
"0205030609",1.25538521007334,0.113973248815263,0.370458929868311,-0.308687861816222,-0.26331178187858
"0205030611",-2.32090378324563,-0.208197113776783,0.794013688064176,0.471797673888129,1.26900297561398
"0205030612",1.03962042606157,0.0409601194873015,-0.229945709510165,-0.166545733663657,-0.607701419022621
"0205030615",0.0533091637160129,-0.0103460260765666,-0.089184018385606,-0.0301646330833584,-0.0868439218707717
"0205030616",0.460481819048968,-0.0253667438093035,0.0739523793865551,-0.280946091493393,0.133526516744759
"0206000201",0.015875502650844,-3.60198889089935e-05,-0.00821007714163003,-0.00165257533108208,-0.0204977936391379
"0206000202",-0.0262218295384639,0.01156915543812,0.00986358610085446,0.0772961945686837,-0.118062777573599
"0206000203",0.00341944444129513,0.000461499299360592,-0.00172539259478384,0.000606019105793483,-0.00473692199737467
"0206000205",0.00598429977042756,0.000920718285248592,-0.00293792597417981,0.00200769749496984,-0.0101925990159083
"0206000206",0.0102875084682651,0.0031004179515923,-0.00343501318860824,0.00901922764849932,-0.0243304182796178
"0206000302",-0.16137197342362,0.0177578967917477,0.0528082143418529,0.183594109186922,-0.18325963563765
"0206000307",-0.100988409336133,0.0318194493914844,0.0574946022124497,0.192212059344556,-0.192781228236423
"0206000308",-1.79580268441353,-0.0223948984795992,0.226551383928061,0.580790040949734,0.822657017664391
"0206000309",-0.870054982651163,0.0908995924396171,0.271422714796095,0.679252187694595,-0.0467792847237627
"0206000310",-0.216206162785308,0.03532954019699,0.031425802714963,0.219041875857807,-0.0981187939592183
"0206000311",-0.364319389551232,0.0476552341116504,0.103346737032842,0.324648921864391,-0.0790663952498193
"0206000312",-1.38459716433463,0.0988160584306771,0.407099974125871,0.903529001867166,0.158536698867871
"0206000401",-0.0347868565635118,0.0124556837254637,0.0196624652600082,0.0679051453279576,-0.0602254909226156
"0206000403",-0.22946894967222,0.0408050290936989,0.0788341007732411,0.247344198454131,-0.10918272526901
"0206000404",-0.239589454122005,0.0427384019378159,0.092868398821079,0.261463640129424,-0.120386114976313
"0206000501",-0.0103716730851233,0.00642599281106564,-0.000284543721300912,0.0315153269705777,-0.0387196569549522
"0206000502",0.00625047017779427,0.00146684299890648,-0.00336411422308152,0.0039677955767111,-0.0134432809714873
"0206000505",0.000499674325060945,0.0065834719540004,0.000347661518651187,0.0270993925634257,-0.0411793804700799
"0206000603",-0.119582445146717,0.033033618353431,0.0473091064921198,0.178502193536302,-0.126358754548105
"0206000604",-0.0785566013587629,0.0214247556799827,0.0292495212240488,0.116999102057862,-0.0844804890799321
"0207000102",0.274974012533378,0.00211014726751094,-0.069122447879243,-0.0985279961256591,-0.123632099747999
"0207000103",-0.72378831930093,-0.182145908689471,-0.0506546903844395,-0.189062503777727,0.674793664139306
"0207000105",-0.357314549336707,0.0681433924168092,0.0472772087174871,0.431397345557697,-0.108296366164058
"0207000201",-3.16276951842325,-0.0680817755038978,0.740924044133211,0.932151618935186,1.77168472079268
"0207000202",-2.13045093085701,-0.247586100393043,0.251821681264511,-0.309131829440556,2.13497030672461
"0207000203",-2.97149705117289,0.0335341665635336,0.753912602254903,1.20743034755066,1.32446242849833
"0207000205",-1.18494454887504,0.123080216512689,0.193028672682551,0.270133816479805,1.05672446654897
"0207000206",-1.61260104343256,0.341655186122008,0.54658776384552,1.07236653229012,0.695860083871587
"0207000207",-1.04759892951277,0.0603034270442732,0.285054197373636,0.680078926061837,0.155563294043142
"0207000208",-1.65521362137529,0.0596810503143765,0.437867205427816,0.873073101776327,0.515571368629623
"0207000301",-0.769508298268331,0.0814541051389483,0.250720817989128,0.58836096809953,0.0275142015051863
"0207000303",-0.789698307436537,0.0878284397569677,0.257887331903961,0.626230236593818,-0.0045172113426539
"0207000304",-0.585322784470556,0.0603971316241735,0.138169101692477,0.442804368046062,0.0190717591669301
"0207000305",-0.763295442817356,0.0211705561444922,0.209434230268194,0.457829639546812,0.0391661509723309
"0207000306",-0.569475208798055,0.0114171182945832,0.157170649785871,0.407380300735968,-0.0837345109061591
"0207000307",0.206836485959367,0.0469787049773719,-0.0465601110360758,0.082693786994945,-0.197536237859675
"0207000308",-0.65806604410696,0.0677331353254333,0.213705473869506,0.495797063096822,0.0269362702789146
"0207000402",-0.935331008742322,0.0626761644272696,0.256382904887963,0.63137017514421,0.09463474747418
"0207000403",-1.09917184365647,0.0619314815937515,0.311803077913082,0.735976674861414,0.0920371164171703
"0207000404",-0.980009212493885,0.0605070761941742,0.292410365570451,0.681050064443791,0.0540998235862145
"0207000405",-0.793875043688813,0.0804989069317152,0.238565625553034,0.612999164784366,-0.000788212368616606
"0207000406",0.97776237065472,-0.0395639920521281,-0.303109777133986,-0.545334380028299,-0.223422869424637
"0207000408",1.8400480190844,-0.111473110004866,-0.746942426468955,-1.61213423115267,0.517208367076688
"0207000409",0.914449417105042,-0.0550222335173314,-0.40110006646208,-0.520998649142231,-0.29176014348632
"0207000410",2.49134515246736,0.114005897772456,-0.51334581102548,-1.1800890174703,-0.306722329641388
"0207000411",-1.12056167388443,0.0750085529658597,0.30389055849668,0.731142990861247,0.115111199610455
"0207000506",-0.048146355898779,0.0129528072230938,0.00554750696129553,0.097969789423733,-0.100415240272976
"0207000507",0.0135118179036297,0.00390814274439009,-0.0111435179320412,0.013991248566964,-0.0392808080954573
"0207000508",-0.0858108546423445,0.0191674142055524,0.0129290775140794,0.111046930496203,-0.0787811143164394
"0207000510",-0.0991796897913647,0.00878020884240549,0.0328857330480484,0.106046095431011,-0.0708066237199702
"0207000603",-0.47978983522409,0.00102963770822032,0.108593620920151,0.318806791583025,-0.0398278443386924
"0207000607",-1.33744470028888,0.0641943666057208,0.383141301235504,0.748427787108996,0.317988576083162
"0207000701",-0.00231036645858535,0.00325546097948012,-0.00426277521383423,0.0200387647388267,-0.0283390874884181
"0207000702",-0.490355380971914,0.0512914639375633,0.163678842731707,0.386470360772775,-0.0248065969160405
"0207000703",-0.411863720784516,0.0602580580684622,0.14515766813998,0.402909333457932,-0.124261302932315
"0207000801",-1.20190875568919,0.0953195165003565,0.25877149082664,0.797294152770197,0.128251756528676
"0207000802",-0.133415188654002,0.0251274087423901,0.0329479848767959,0.164628691565429,-0.0930275410390261
"0207000803",-0.0079585325581948,0.00958098475171107,-0.00820540387827196,0.0391677828976034,-0.0472934538991441
"0207000804",-0.0736705754633137,0.0182662505026551,-0.00637541429015935,0.0979535553146414,-0.0643539090228536
"0207000809",-0.0142151110895723,0.00928611347061838,0.00560476026780855,0.0420959833373206,-0.0427208754170202
"0207000902",1.72980384906311,-0.141072273130178,-0.422906689821491,-1.59118693713778,0.771603941767683
"0207000904",0.0204883025931013,0.00734658344935009,-0.0158870596448276,0.021041925932702,-0.0527666251353267
"0207000905",0.000768644835551876,6.91879197331767e-05,-0.00028661413185744,0.000231328895264222,-0.00125601883825663
"0207000906",0.00166593263807553,0.00100285872922453,-0.0004647611938584,0.00372867177042644,-0.00688529508981227
"0207001001",-0.0843323575927389,0.0273352002193557,0.0318916539288226,0.144911387557277,-0.116075663303546
"0207001002",-0.038124946060771,0.0165153698044379,0.0235984799363582,0.0863929836393924,-0.0821798622864972
"0207001003",-0.13377353609654,0.0362704429357741,0.0642037395349101,0.21050602089927,-0.156943925198315
"0207001005",-0.0199145811997281,0.00662752738732687,0.00788467698826731,0.036749918670376,-0.0329473627998735
"0207001101",-0.209493849488472,0.042740901547307,0.0818416947133581,0.248921777904509,-0.122809664424248
"0207001102",-0.130305422742992,0.0216264831112748,0.0494080286334662,0.138346566548565,-0.0593586315159672
"0207001104",-0.269868293254449,0.0410874290040741,0.0923295114615406,0.267768337714926,-0.0916257222569379
"0207001105",-0.196936172294018,0.0393822323348882,0.0446831992631772,0.238554789759661,-0.158972409505838
"0207001108",-0.000485815659230062,0.00603640291827887,-0.00941980621786999,0.0410252043239026,-0.0940341875683794
"0207001109",-0.0929982442823539,0.0212228446138461,0.0389826497206087,0.123581580040155,-0.0842899759345667
"0208010201",0.00445471888426825,0.00418094682942981,-0.0104324602078881,0.0354815534524103,-0.104633136850162
"0208010202",-0.0078011635487196,0.00662325096987703,-0.000869049610434379,0.040686704239588,-0.0750099781020414
"0208010301",-0.0389293335038866,0.0116497482402377,0.00672927659532539,0.0705244290188158,-0.0696543342155574
"0208010304",-0.0102994119029576,0.0068046925054409,-0.00388990522585662,0.0344358652278955,-0.0455149485704209
"0208010305",0.00601113825524649,-0.000973531547953179,-0.00261490830328761,0.000401068751077054,-0.0115430199125699
"0208010307",-0.0530407966926781,-0.237551417072894,-0.101940785865534,-0.767020283722374,0.513270300530697
"0208010310",0.0115241594905877,0.00531055424021493,-0.0099519085414144,0.023390588635045,-0.0546430879260458
"0208010402",-0.0744414828549171,0.0181530730764503,0.0263036046371776,0.10688767428988,-0.075724513326671
"0208010403",-0.0529947616788959,0.00976479091977323,0.00690844395699553,0.0586940585549431,-0.0362269285618316
"0208010404",0.000109799958402222,0.000372906335546174,-0.00470012783598623,0.010026691050609,-0.0266409884284956
"0208010405",0.0147803024497814,-0.000384164938790332,-0.00992951776521088,0.0117169093779152,-0.0549634280182404
"0208010407",0.021820697973017,0.000996446813917005,-0.00784767564653707,0.0138027833807902,-0.0770130045043046
"0208010501",-0.0250016571642902,0.00181553174916985,0.00877993758192856,0.0385529097072922,-0.0433105814574088
"0208010503",-4.91523675882178e-05,-0.000617320998170109,0.000258389557552381,0.00388776168386844,-0.00929472546496923
"0208010504",0.000211682889691631,-0.000386353097888678,-2.8371597356779e-05,0.00115268573396341,-0.00339755263793565
"0208010505",0.00431227829951475,0.00040056761880975,-0.00265571125351733,0.00869600310347415,-0.025385681530442
"0208010506",0.00675192887421933,0.00592999997877462,0.00630416740328379,0.0484716104302146,-0.12965303843151
"0208010603",-0.026888128083025,0.0103208860212979,0.00769946646942549,0.0606345520777885,-0.069900249845775
"0208010605",-0.00262914463788276,0.0039132189915797,-0.00232879914504641,0.0246839027236713,-0.0413646871543269
"0208010606",-0.111429771800268,0.0155242601752102,0.0431080280493432,0.119172330348081,-0.0803032777329267
"0208010608",-0.0303056509614596,0.0117515829354041,0.0182340870670032,0.0647643856375995,-0.0680374405756593
"0208010609",-0.00817908897228123,0.00338543797160392,0.00151964979653784,0.0373145411246389,-0.0654179692500209
"0208010610",0.00484811192773919,-0.00044809765366957,0.00297762870924771,0.0338554722048879,-0.104382188812813
"0208010611",0.00410716385254551,0.00190244896720788,0.00132311655029199,0.0156856234010729,-0.039694104408118
"0208010701",0.0311751274854552,-0.00149698788421394,-0.00841823653713979,-0.00801563566424465,-0.0454495802839338
"0208010702",0.0676504990410551,-0.00912319258930801,-0.0200432309435781,-0.0439352673741727,-0.0599786803549494
"0208010903",0.00741100946370379,0.00141462656438971,-0.00551236858648295,0.00432676539063644,-0.0165280553578186
"0208010905",-1.8362361570883e-05,0.00276870328720311,-0.000635420666800276,0.0109366051733003,-0.0156446418846421
"0208011001",0.0143786028151416,0.00695948844726402,-0.00680603699387502,0.0261527916022139,-0.0581940807942164
"0208011003",-0.00355855449008944,0.00381948509143687,-0.000748767285653335,0.0238785313591581,-0.0442316581099355
"0208011004",0.00134647773693638,0.00032090258850856,-0.000357710036703988,0.00109168427855609,-0.00347080167733519
"0208011101",0.000735499359471534,-5.67537580950029e-05,-0.00018211203899019,0.000217478927546246,-0.00158173595015193
"0208011102",0.00528577756050493,0.00287669692299828,-0.00207969808769671,0.0126589757973217,-0.0320357560963312
"0208011103",-0.0201909851331496,0.00545398565908214,0.00733317901674732,0.0347534648936303,-0.0431605192220952
"0208011104",0.00240561410202623,0.00107458134256257,-0.00107231434260877,0.00475323701165821,-0.0119290687572347
"0208020102",-1.73544459068514,0.0640116973440553,0.485066215078321,0.876487612017752,0.551397242498199
"0208020103",-1.50768818873757,0.0682262873295212,0.443030555830295,0.900363026772595,0.268096116803545
"0208020104",0.549940733010367,-0.101210655841104,-0.17113155460009,-0.268196467230324,-0.322766096594227
"0208020105",-1.36272441857688,0.0367725036821632,0.39411969628482,0.769875519783251,0.239814652021146
"0208020106",1.13503134447159,0.0272666143988296,-0.230408579445629,-0.578829940935731,-0.19563558139834
"0208020108",-0.880337204797645,0.0327452353466042,0.259462266052462,0.547817017268529,0.106567803752486
"0208020109",-0.0428394447021649,0.0333500140960082,0.0201303002645962,0.0241190938375465,0.0553521080920733
"0208020111",-1.82224816129815,0.0503038144307065,0.485695229346426,0.895316745518569,0.509872262439582
"0208020112",-1.35286191905679,0.0541977655743021,0.393772608766273,0.830769935313029,0.114232149879959
"0208020113",-0.870834110910776,0.00164668714614979,0.195120892240949,0.528902622369338,-0.100573447648577
"0208020115",-0.204490420454777,-0.105523597744336,0.0304368341818593,-0.0679795569864356,-0.0298676672024122
"0208020202",0.000263751777495648,-0.00331171491217186,-0.00491736559668708,0.00690616984129105,-0.0224538951565041
"0208020203",-0.241058276792831,0.0406653022275727,0.0711319267904814,0.258099766463836,-0.127681473665625
"0208020204",-0.66651553325762,0.1518589283712,0.255431702459817,0.766103275263088,-0.14424103261153
"0208020205",-0.531347177369537,0.0399536453420641,0.161583318402962,0.440710173344699,-0.128175687066127
"0208020301",0.557816547968557,0.106989596542482,-0.129746912203496,0.201793829874822,-0.530133676999197
"0208020304",-0.140688128398382,-0.000633869254286784,-0.0170755927006593,0.070271692724594,-0.0256681763423182
"0208020306",-1.04643308926547,0.0424567782430166,0.275995125841678,0.573618965823853,0.188533356275274
"0208020308",-1.09969441662957,0.036493386583404,0.299986692874043,0.574462071124427,0.221423835986755
"0208020310",-0.651416326345235,-0.051737882305996,0.156400876039942,0.251677501407143,0.0668571529715042
"0208020313",-0.839510894469876,0.0251736174630589,0.243119501086411,0.477156211273639,0.0943322524337832
"0208020401",0.00172298803370311,-0.000194799547935568,-0.00522221643023717,0.0359714916299179,-0.122071847993711
"0208020403",-0.02638044424669,0.00476547451619094,0.00900458177318416,0.04412452872345,-0.0471523851484627
"0208020404",0.00451012629185795,0.00264320635327481,0.00286497806257097,0.0165944005443954,-0.0380184800956574
"0208020503",-0.0352066585509385,0.00759095105392131,0.00310207887718869,0.0510341141301645,-0.0592152579961885
"0208020505",-0.115056606325616,0.0206342153121166,0.0432907973848706,0.127704152519101,-0.0718098395934849
"0208020506",-0.0337395550140335,0.0178537227545801,0.0235960007425039,0.101384904032671,-0.129947327315279
"0208020602",0.0382423641112781,-0.00209125287178679,-0.0126691419902634,-0.0105494924925842,-0.0500981971145617
"0208020603",0.0239731382615511,-0.00293225891996217,-0.00682265156278515,-0.00926323931315361,-0.0276079527462022
"0208020604",-0.0272910017427509,0.00789802281828714,0.0128484331475971,0.0453956358362792,-0.0413215153368416
"0208020605",0.0123433582756866,0.00361343077144769,0.00389283533630467,0.0260728335463139,-0.0947566766053465
"0208020607",0.0336148801663357,-0.0025202074527756,-0.00994595528790789,-0.0150927887560044,-0.0313794985490079
"0208020701",-0.100225335834999,0.0136388968855607,0.0249001166146042,0.105312029541459,-0.0730311088538601
"0208020702",-0.0662249579126005,0.0039082427590693,0.0193183669754847,0.0710428574953911,-0.0613847419795835
"0208020703",-0.0722307722403764,0.0139401898851906,0.0264266559419838,0.0928046597048335,-0.0718090855854163
"0208020705",-0.0528085922312632,0.00795166132561137,0.0133726293920005,0.0700044015965758,-0.0702271527120843
"0208020707",0.00393242899464298,0.00216313663798446,-0.00328956066453404,0.0182848367043313,-0.0490939215383437
"0208020709",0.00559609277440125,0.00525515437296119,0.00430423105619451,0.027242193135367,-0.0559288094244505
"0208020710",0.0166631414252873,-0.000409767767783656,-0.00410304803091914,-0.0024082450068429,-0.0225676852807727
"0208020801",0.0387566886036796,-0.00437963161509683,-0.0139994129058212,-0.024388600106172,-0.0230159676042097
"0301010101",-1.01404325689883,0.0864249948513248,0.299695385606317,0.728912895800351,0.0599318460516831
"0301010102",-0.601573252818714,0.00253221348159332,0.0910991443523491,0.338525072530723,-0.0226330068790023
"0301010104",-0.1424583895098,0.0182680844855172,0.0435557786298926,0.218899240190565,-0.271052623279067
"0301010105",0.0219155859087784,-0.000452716145570647,-0.0131106538464868,-0.00629417442097101,-0.023440291197253
"0301010107",-0.079621170291298,0.0123771095377563,0.0119945384983719,0.107388924114958,-0.122629120036177
"0301010108",-0.171045189756122,0.00696327349805899,0.0382391157651266,0.15140407776282,-0.101268920327342
"0301010109",-0.258237157817502,0.0193073652630959,0.075979714743816,0.190623591779202,-0.0764779756115939
"0301010110",-0.310745566812076,0.0336743751592633,0.0986181775499802,0.278809890700371,-0.12203400579053
"0301010111",-0.583789677657317,0.0298836159364602,0.135105336160038,0.373111435536895,-0.0668230896221173
"0301010114",-0.0697732772522325,0.166274844618073,0.0826431024042809,0.545771466142002,-0.254886577703199
"0301010115",-0.177847511666384,0.0239278156260995,0.0458679068229222,0.165353803289101,-0.0663308427832124
"0301010201",-0.0440174444306911,0.00988130636501653,0.000669434422677176,0.05963158055899,-0.0594725080817282
"0301010206",-0.0586055432552924,0.0101105147663427,0.0106144209144481,0.0677623027155352,-0.0501898249756365
"0301010207",0.00118132930511198,-0.000657747788558314,-0.000717063051292421,0.00494814476758485,-0.0137511201965533
"0301010301",0.267004036171609,-0.17237151260839,-0.217668895765385,-0.600226239157348,0.196320780065857
"0301010304",0.123200069295423,-0.114696538273828,-0.0753557376588664,-0.213433120158837,-0.0990051736724099
"0301010307",-0.50655611995917,-0.0573417832085176,0.112921867933387,0.048255282430779,0.104380351157219
"0301010308",-0.408561526516342,-0.00816074184272728,0.0657232502929608,0.20727832684267,-0.117212104608557
"0301010310",-0.0997696134009059,-0.0246776083001024,-0.00301352855864799,0.0577963634845331,-0.0846458765344022
"0301010401",-0.00256713214833571,-0.00120450404538815,0.000408967888430248,0.00979544266451686,-0.0202062278674689
"0301010403",-0.053915537401589,0.0128731061483721,0.0150217830157241,0.0881661322133842,-0.090158970733681
"0301010406",-0.0405573327090296,0.0121464856064228,0.0105748953910594,0.0757296980858532,-0.0849066451696672
"0301010503",-0.00860299435637577,0.00283198477107565,-0.00274811927572056,0.0274428081429023,-0.0480545715022719
"0301010504",-0.0364786959686407,0.00529645892931941,0.00997339210919878,0.0475518918018854,-0.0394646267042801
"0301020101",-0.0198596131439012,0.00169029678426851,-0.00160774652215129,0.0373737235208658,-0.0636951611816089
"0301020105",0.00903654318005694,-0.00182781466681516,-0.00310063849207455,0.00213598366043209,-0.024809419427203
"0301020109",0.023968775687835,-0.000298687574135562,-0.00681414769867423,-0.00351392248283768,-0.0375136926834567
"0301020112",0.0290684109675446,-0.00290891618345424,-0.0124483956257,-0.0179102846398607,-0.0177426160678971
"0301020201",0.0401730295840097,-0.00420619359502271,-0.0152473983476017,-0.0207792315472254,-0.0354507010787244
"0301020402",-0.106315709433566,0.0188020919899809,0.0351334768719747,0.132654660775703,-0.0992587804133727
"0301020404",0.00221298522067256,0.00226692480703812,-0.000233857397806338,0.0172909552785348,-0.041978511942615
"0301020405",0.0170023615660067,0.000274218919831481,-0.0064749129056434,0.00283516564071657,-0.036814566267323
"0301020406",0.0108272884127789,-0.00198249468938791,-0.00401226406925838,-0.00195953488459837,-0.0179723707705543
"0301020407",0.0336345496011472,-0.00138170283704088,-0.0136234571659661,-0.0101639175838906,-0.0500170654950221
"0304010108",0.19065551254068,-0.082267209204743,-0.102396430477268,-0.314592660207881,-0.00723378815633871
"0412010102",-2.16735729412141,-0.163331074621397,0.169982287916797,0.506893495123574,0.833621394075235
"0412010103",-1.97431973081171,-0.558479105522061,-0.0143718852415853,-0.815725126006307,1.85649865381473
"0412010105",-2.1861025541032,-0.109120956803863,0.24756703870085,0.59288061008956,0.900401764549662
"0412010106",-2.18624420475776,-0.283004703755863,0.129941699109579,0.245025957696424,0.970605902400239
"0412010201",-0.507806870149072,-0.95883826436886,0.0796654803455029,-1.20412724077465,1.34938802380541
"0412010202",-4.3903038550472,-0.477493416385527,0.596997454098965,0.220171460414372,3.17983691036327
"0412010301",-0.556520652985526,-0.00900372685388191,0.056765944055765,0.336878322635416,-0.02624380340435
"0412010302",-1.30255454301145,-0.0925812864675537,0.284018128960084,0.58743840409849,0.173343475466692
"0412010303",-2.20953853603801,-0.0919210247514063,0.714221442826685,1.04935330084463,0.425549408660745
"0412010306",-0.262072121892861,0.0177652077677915,0.04037495206411,0.199655331269801,-0.0431232945944937
"0412010401",-2.33528138218881,-0.264176979895443,0.238879992392315,0.700560402770171,0.700840167451201
"0413000105",-0.0654567654622241,0.00503716594204353,0.00784614137986113,0.0657274455292352,-0.0309440617932421
"0413000201",0.172907765571002,-0.00037607237467687,-0.0358432659701095,-0.0626560395760974,-0.086194553844515
"0413000202",0.78254633584837,-0.0522398041733637,-0.0722502835137055,-0.221334974702709,-0.557257517375489
"0413000203",-1.19812200067251,-0.503927772413352,0.45854514926904,-0.245450169620349,0.567573033198963
"0413000204",-2.00055846871846,-0.131495495813678,0.384080294391187,0.559006171851978,0.965401256027684
"0413000205",-1.575099963101,-0.311950320397368,0.417011483559677,-0.311480067788676,1.42447184536165
"0413000206",-0.741944039610083,-0.4627581746374,0.465474825687755,-0.960275856172734,1.67749206708289
"0413000207",-2.38414434104507,0.0403624506143408,1.13765769740916,0.723405158650973,1.22827441864395
"0413000208",-2.5480683309643,0.0735750900298799,1.07571266572111,1.26869371766276,0.981519525717362
"0413000209",-1.23537785258883,-0.0521748181894253,0.0883114990147883,0.41857703824838,0.629496974466167
"0413000302",-2.02555127391395,-0.07876081657394,0.496776703893307,0.764292158587768,0.781418914206664
"0413000304",-1.57633829299856,-0.267140751700101,-0.112104943282226,-0.11444485774142,0.999956150454967
"0413000306",-0.258399612705012,0.0233017486616568,0.00467837001816185,0.228782574654581,-0.0667311478626753
"0414010101",1.27078673656757,-0.0712737423298852,-0.328987232566484,-0.867190715674053,-0.0104659554382753
"0414010104",-0.130903386212922,0.0158400359796269,0.0151809943535538,0.121334335792405,-0.0369278539430201
"0414010202",-0.446154082431526,-0.179852158781288,0.0230085450972143,0.433224411960232,-0.82797031863244
"0414010204",-0.89790536220621,-0.335983483110045,0.119955231849586,-0.284085926149118,0.556962250474531
"0414010205",-0.806937918621712,0.211861789953974,0.227656720092817,0.386990746438392,0.710203480864956
"0414010206",0.104293389020797,-0.175947561642125,-0.0663293681271536,-0.184018110663868,-0.213780869054524
"0414010207",-1.98147347101687,-0.0837431502988619,0.360580299308377,0.508013118510446,0.970140008086071
"0414010208",1.93127588074584,-0.0794877058867606,-0.576659055620613,-1.36091609625617,0.324950182048998
"0414020101",-2.6682065043398,0.0248938143682395,0.668721423982497,1.10981134124525,1.08309101459416
"0414020102",-1.81964011461542,-0.104332149049689,0.0906351978684352,0.746766431299597,0.4777581113265
"0414020103",-2.68169013883209,-0.0384990860668778,0.522994491240987,0.872866775286013,1.35596841094495
"0414020106",-2.23965976323976,0.0501341844159729,0.498831080979262,1.11606245074489,0.708441186735921
"0414020108",-1.52032503678049,0.0279033084447085,0.274858582939853,0.683932719535029,0.582640796746098
"0414020110",-2.91900249063498,0.0481017398083745,1.32716293439164,2.32516345852523,-0.559180157082033
"0414020111",-1.22182892577906,-0.0400739940649435,0.0309039011580231,0.428745323700256,0.472848451284686
"0414020112",-0.331885869330344,0.0221699951008961,-0.0246866189615491,0.263658144859243,-0.0768048533710143
"0414020115",-2.77539204870458,-0.132663735380386,1.19763082532709,0.614034408952831,1.71223610343793
"0414020202",-1.21100925018838,-0.0532110899570579,0.212105404218305,0.290985877553216,0.665670302258944
"0414020203",-0.626832229209432,0.0696579413642883,0.169582337892404,0.582099715233898,-0.00571249801065637
"0414020204",-1.71588654210814,-0.197666883848209,-0.0444134634481086,0.13702267946304,1.059183176619
"0414020205",-2.1716373324261,-0.0613428329828543,0.511894306666139,1.3205228341661,-0.00864496436818307
"0414020206",-2.5459240379634,0.21108610827996,0.566910251137077,1.38496255129709,0.62227655347605
"0414020207",-1.31453028321043,-0.233112382378035,-0.0271264517687514,0.237052079075639,0.385854454956989
"0414020301",1.0044021532368,-0.00498594089565969,-0.117716753261622,-0.38594989502717,-0.398038467050737
"0414020302",-0.901217870580989,0.0260622158302839,0.235897027749196,0.512080178215252,0.145460250110628
"0415010101",0.5931044462652,0.411344127047015,0.00506148945897052,0.520479486759802,-0.474415449223579
"0415010102",0.972110436478282,0.202770769090967,-0.172630445798193,0.0691399984379589,-0.609381991625247
"0415010103",1.6161839259969,0.0739115250610487,0.138918150054356,-0.350434347180679,-0.627576726604427
"0415010104",0.30675103937394,0.0430523620459513,-0.0541755839795975,0.0248286524335105,-0.264127307078086
"0415010105",-1.35720703737657,-0.113254764982649,0.338735980862648,0.43951606644712,0.331672699728764
"0415010106",-1.70687915146665,0.0689558788247717,0.461851299058457,0.885926153216278,0.487113975272934
"0415010107",0.258072134120276,0.0085342283389695,-0.0620972757151169,-0.0698675283906676,-0.130839936656403
"0415010108",-1.35464080147328,0.0724035665859934,0.00729222834880483,-0.639659783038895,2.55522502444944
"0415010109",1.0287900275184,0.0449040273677825,-0.227390098624099,-0.450159494855315,-0.235350848678483
"0415010110",0.810841138246715,-0.0411530091403104,-0.241038489369363,-0.63633738027858,-0.122120405643915
"0415010111",1.16883142956966,0.100637701408428,-0.244606402996938,-0.22249859559376,-0.602216467745164
"0415010112",0.94635152967655,0.159792382761045,-0.00782450933132486,0.215868709146318,-0.916556469238374
"0415010114",0.870774426400875,0.343658404495475,0.207147717738809,0.463466715887525,-0.934043403051196
"0415010201",-0.268600384190964,0.0134167831962171,0.0369938967590942,0.20651626700478,-0.0259488490262758
"0415030201",1.53734756195371,0.598647666659926,-0.232519890564492,0.157072894625008,-0.4774538223841
"0415030202",1.50575725137716,0.288873768802269,-0.305961049177832,-0.177723490566754,-0.581868437146548
"0415030204",0.80757508100218,0.150659993302682,-0.146136040087235,0.0274077465328434,-0.533170490704923
"0415030205",-1.36823015830137,-0.202219187175407,0.26538974765911,0.0812183985844169,0.876877464407775
"0415030206",0.119995428047227,0.00616864749669494,-0.0269934697776921,-0.0225496869000249,-0.0749966245063005
"0415030207",-2.0198614265118,-0.00759488899804506,0.518729677929797,0.795722687911246,0.820265986602141
"0415030208",-2.55393792627696,0.0406943570959077,0.681322895469243,1.11612784745594,0.965946232383395
"0415030301",0.261475555997598,-0.0647548718858475,-0.0452744609730482,-0.00224543647053574,-0.415211993585264
"0415030302",-1.73836154518069,-0.0599491401182119,0.442559546153669,0.758844720976216,0.487497136270382
"0415030303",1.4090441173752,-0.0605778644099371,-0.354799285122742,-0.809210800455295,-0.26182391411079
"0415030402",1.24740316485814,0.218108904442691,-0.25782777295703,-0.192541132172503,-0.515565128507652
"0415030403",0.536329886527409,0.0303014126991407,-0.127289027478229,-0.165088298761241,-0.225845361741878
"0415030404",-1.16601967111325,-0.277048161148534,0.364590695955233,0.10499157691761,0.538799541851088
"0415030501",0.855982919937028,0.213456128858217,-0.158709786777685,-0.0349561057620749,-0.343300031019681
"0415030502",0.0239423786561951,0.00367650580067438,-0.00384922968006804,0.00430331063057253,-0.0237416786681906
"0415030503",0.0656332450025892,0.00939513578006879,-0.0119501828481358,0.00220780183088986,-0.0518888880546914
"0415030504",0.834390193375261,0.0440408639630543,-0.191664850977013,-0.179852092071987,-0.47441889737491
"0415030505",1.29192729321832,0.298120544420703,-0.273690224929765,-0.255293869756043,-0.222603774639627
"0415030506",0.669985013299266,0.0546463628753019,-0.147926959620329,-0.119801756238857,-0.382089152962489
"0415030601",0.313076800736593,0.0234154526196072,-0.0673158029700487,-0.0425914006810015,-0.205540243459177
"0415030602",0.794024434853305,0.0733883497885118,-0.159671162862318,-0.152827026590068,-0.408039143857582
"0415030603",-1.58699101054255,-0.346160793705416,0.253414041871181,0.180706688091459,0.546909043305458
"0415030604",0.95295922295112,0.109182216059171,-0.202515333673063,-0.139579729492252,-0.513118415512973
"0415030701",0.96936773788307,0.233892729053906,-0.149579385879436,0.134965569217745,-0.681603078724515
"0415030702",0.891377131120292,0.0573636196825802,-0.292072862638989,-0.167482236136914,-0.564944322588522
"0415030703",0.283650752862906,-0.420659912489607,0.077748900593188,-1.13814495499841,0.63841272125887
"0415030804",1.54116069804575,-0.0600492172501601,-0.387153801167187,-0.661044529475396,-0.682016758517641
"0415030901",-0.317710882210843,0.0127136472901316,0.0596575755198759,0.239319507198921,-0.031746642302909
"0415040101",-1.11002511741712,0.0788637283994658,0.25478697553779,0.78783537787415,-0.00102603846300947
"0415040102",-2.09160350650417,-0.265411216457757,0.259703560441652,0.234515224299662,1.14548450786333
"0415040401",1.00649906059922,0.144879697060324,-0.192542263594045,-0.0303547650189342,-0.661771120919328
"0415040402",0.906382308401501,0.226466452836246,-0.295240312474363,-0.798140153029369,1.15203040325316
"0415040403",0.517893150613425,-0.00553334141090635,-0.138021291972955,-0.232261687895758,-0.188927029167186
"0415040501",0.216078359209404,-0.345798806785769,-0.116299014539556,-0.507291877797935,-0.193158841251249
"0415040502",0.123002486309755,0.0129111504622604,-0.0237905068324465,-0.00176771480140803,-0.0925828724150895
"0415040601",-1.16221799753599,0.159417307273635,0.362940394301465,0.897855332551565,0.324865885473791
"0415040603",-0.0463928676563988,0.148384367120246,0.0167281552784452,-0.0584033179477631,0.46362805875815
"0415040604",0.381884703758922,0.0240370604834852,-0.0809659192740441,-0.0724435749815286,-0.235212599612291
"0415040801",0.980678899296514,0.0392137636671055,-0.258502641133602,-0.383328684733979,-0.229719875089781
"0415040802",1.70167320107014,0.0274683569185889,-0.452273327988839,-0.758804329912997,-0.4445583784527
"0415040803",2.2131567343582,0.148220871629695,-0.581057267150167,-1.08496190081852,-0.191998517309823
"0415040806",0.401122376161668,0.0434075375532683,-0.0531453501152713,0.223257294388179,-0.665471580705179
"0415040807",1.26542983383753,-0.11796667518916,-0.4952326881419,-1.54604213969768,0.976420603916642
"0415040813",1.16475190815625,-0.151669044732846,-0.329362727779731,-0.605892239330867,-0.569510510150476
"0415040815",0.200329941946876,0.387611198201422,0.0403821573730466,0.598430130653196,-0.334020610491036
"0415050001",-1.39405122848215,-0.108413498748095,0.322583285710571,0.227847058142134,1.11227170997214
"0415050002",0.919877360190511,-0.206463981195484,-0.476567362839285,-0.841803474220221,-0.200818015803854
"0415050003",1.0534240695974,0.138874965244458,-0.137930875894875,0.00142070986741502,-0.756258972125607
"0415050004",0.531626174872611,0.0833814986525065,-0.0181902838153626,0.0924533971253433,-0.493249788737896
"0415050006",0.339199815911938,0.0794468316841859,-0.051666579332491,0.0575007328835672,-0.272983985180297
"0501000101",-0.294345133539899,-0.355732060975242,-0.144850513533854,-0.829923586929627,0.645817331682784
"0501000102",-2.13967493886294,0.154078500740179,0.692198464561315,1.19054041746015,0.637275621196933
"0501000105",-3.09128037956993,-0.637143855122903,0.137011404402645,0.526750095693891,0.762833092654467
"0501000106",-1.54903896726602,0.148165421708677,0.430591941061564,0.888533557252771,0.329437764338569
"0501000107",-1.80518305481988,-0.802338406236765,-0.178241139507344,-0.776997270543863,1.27842170225386
"0501000109",-0.601363453003403,0.431905250528441,0.315360295756139,0.555866121650863,0.751108132948189
"0501000110",-1.85821917934564,-0.302759372237807,0.2089372264815,-0.0919813730761161,1.26889413671497
"0501000111",-1.98154726641827,0.260867528249471,1.05335109638837,1.3177086703111,0.881647603241577
"0501000112",-1.31073360244633,-0.742145814936315,0.273901014621709,-0.308197911809069,0.546771653934601
"0501000201",-1.94281915917266,-0.415863295519566,0.00119806125511462,-0.452926396651647,1.63408993641538
"0501000202",-2.40812453364131,-0.602037552832382,0.156541857753809,-0.9515995664647,2.62009179759609
"0501000204",-2.73172615377465,-0.207165070380772,0.559761021994656,-0.104336190585638,2.27878801827733
"0501000205",-2.3141701807924,-0.428320375421663,-0.0918027059472994,-0.531404530650346,2.18518345093018
"0501000301",-0.662113361067645,-0.447965372831877,0.0581061375068805,-0.0937738453271899,0.0158444649759528
"0501000303",-0.24241647949302,0.0218665459611137,0.08147474681599,0.0992180334108937,0.0934103910415462
"0501000304",0.701000610253768,0.0502746032034282,-0.13471152909644,-0.198495107253124,-0.311405105526001
"0501000306",-0.819473523343606,0.0288021574301241,0.312208294331553,0.327459563876003,0.294454792226809
"0501000307",-0.438793929374133,-0.162970472444352,0.105248540392227,0.0435026131048688,0.0868273224473537
"0501000308",0.274677144282548,0.256915085023518,-0.229932129782598,0.586960130188167,-0.556229219849358
"0501000309",-0.670479592315932,-0.201572174191912,0.0742103220454527,0.285603033956817,-0.242223231060863
"0501000401",-0.109391711745236,-0.0750632368485501,-0.0558389442234768,-0.14550805991215,0.049599714460168
"0501000402",0.10032903961043,0.0551886623562927,0.0749117231161671,0.0655342332334309,0.00869117761674039
"0501000403",-0.14805278009645,0.0460329452413742,0.153869154475423,0.277031316163614,-0.0298935910279391
"0501000404",-0.44427923630094,-0.0954881747223685,-0.0491251060855433,-0.0273836442149546,0.187229021231285
"0501000405",-1.96193567632693,-0.291439039100389,0.0595981602382992,0.0330521821478062,1.05404759528885
"0501000406",-0.635354865184877,-0.0588618466159809,-0.00159174307672165,0.0495286636758376,0.335228279893336
"0501000408",0.636440547899073,-0.0221038987233089,-0.284827768767851,-0.447063111416144,0.166240626867331
"0501000409",-0.190168817939018,-0.185208665935851,-0.492157801193898,0.00272448164483025,-0.463749229509458
"0501000501",0.55393486456079,0.0564336808178419,-0.107031390066379,-0.0317779397092935,-0.395950457308313
"0501000502",-0.0924350007037744,-0.483313479065188,-0.0597881281706849,-0.312961856124043,-0.330356367297524
"0501000503",-1.0523239032618,-0.0237175648161755,0.165696337917483,0.254022616924068,0.589656553798449
"0501000504",1.53647305732651,0.169737992110385,-0.240861276751162,-0.276106724380817,-0.801100582759424
"0501000505",-0.842689115589864,-0.5787564977448,0.0625167028228076,-0.245396345129353,0.160863851738389
"0501000507",-0.431348688493921,0.205701345425776,0.38041039088544,0.502606988220341,0.0630572068174969
"0501000508",0.900233919248882,0.0288373653870512,-0.0631799277977527,-0.111955707332617,-0.616070249665275
"0501000509",-0.414663529122305,-0.0812311432642998,-0.166243201661427,-0.177167344291044,0.542345204846972
"0501000601",-0.840262476406366,-0.0886988254149987,0.113785803163783,0.395978365959356,0.0105357469908558
"0501000602",1.70979609808007,0.0810904040914568,-0.326540947949696,-0.452189060335742,-0.843987458780544
"0501000603",0.822991964447132,-0.131770157795642,-0.182368935671445,-0.209214662323844,-0.729290050324745
"0501000604",-0.605934677886806,-0.0452596968143613,0.0137724226460248,0.185507780403796,0.12795197901179
"0501000607",0.423815699897971,-0.00189289176482785,-0.194984900502485,-0.347749310483466,0.0222125419773443
"0501000608",1.18047749216792,0.174376908343111,-0.0913198952954325,-0.423315606946049,-0.0382127380942248
"0501000611",-0.573887861024503,0.229563440325137,0.448485654769449,0.423729873467279,0.610940580869251
"0501000701",-1.54717867277717,0.0441266581964736,0.178274269847237,1.1499157358841,-0.155325221507679
"0501000702",0.953799153753491,0.0136769051278866,-0.241665259564717,-0.376911951277975,-0.386085700938056
"0501000703",0.535943594469949,0.91196896677288,0.0715344030518619,0.658036590715459,0.432499966868953
"0501000704",1.20580279920084,0.00196847447233057,-0.270000845149089,-0.513275904340906,-0.431337834291753
"0501000705",1.18533077660785,-0.0383424224756168,-0.0931133280325394,-0.375507191871848,-0.617335044439938
"0501000706",-2.52311709291525,0.209618712649037,0.403523583713033,0.749715965974358,1.70458042273638
"0501000709",1.59431330151784,0.197458093644502,-0.196456530268619,-0.239235061817325,-0.742489046056284
"0501000710",0.00814825514015358,-0.267790954762187,-0.153610772846701,0.0884240613266309,-0.796246572993087
"0501000801",-0.782800636119644,0.298011690848699,0.321949021231254,1.31260835709847,-0.653985310345231
"0501000802",1.11234617004267,0.329671496985986,-0.138447523316056,0.0852189030690586,-0.649136128990518
"0501000901",-1.58610312410484,-0.0387448198978563,0.596334751686899,0.901399728102003,0.124662204014244
"0501000902",-0.982086281989764,0.0659911809288572,0.307422522330012,0.746667802278977,-0.0550072587132533
"0501000903",-1.65490393197791,0.0533553399842423,0.422115199025959,0.997001302962689,0.212148180401234
"0502000102",-0.367410721611605,-0.368202982113157,-0.0495286773715188,-0.528364754853496,0.290391404423549
"0502000103",-0.309517593306422,-0.163920226886714,-0.00806260372121178,-0.303183559602065,0.232924038921733
"0502000107",-0.335494294281297,0.00563333889972365,0.075509786251663,0.207137984790534,-0.0500927593960881
"0502000201",-0.771360193360293,-0.129584311204858,0.108407764716524,-0.0640259330702883,0.389431622044283
"0502000301",-0.229996812600789,0.0187524774107588,0.0813169150229287,0.205579765242729,-0.122899280218844
"0502000302",-0.0115403440097374,-0.00869131769470695,0.000547341096583181,0.0111028584432636,-0.0316601503227886
"0502000402",-1.67767692844787,-0.167002484722455,0.313517229092737,-0.0520253757257747,1.42148066219511
"0502000404",-2.34433530241455,-0.230056558408151,0.501251423650658,0.621012278652823,1.15039431727114
"0502000406",-1.36287253168591,-0.278288753248066,0.150214436369205,0.23222980530415,0.41624157848072
"0502000407",-1.96907271522464,-0.136694716587455,0.378521825332484,0.445073682271021,1.04075686215566
"0502000502",1.19857944250598,0.21464960171036,-0.150368600186392,-0.736898939473702,0.46782789565083
"0502000503",-0.241506324713299,-0.0105449171096825,0.057165335218827,0.163892681239767,-0.0400948870330673
"0502000504",-0.458297989863463,0.0332842136134843,0.0920006638486802,0.366886692436545,-0.0717166200111893
"0502000505",-0.68757056554201,-0.00991201225443039,0.156074671904866,0.505302500569866,-0.151878072389186
"0502000506",0.383251224374605,-0.0236759741859501,-0.0974347047747192,-0.0305968924837749,-0.432835053659097
"0502000507",0.391749150515772,0.104886608250291,-0.202134023190889,-0.151502348915496,-0.0378617261362351
"0502000508",-1.14413491253346,0.401340638705119,0.438172413352802,0.706806773148432,0.87794178308744
"0502000601",-2.3092071217566,-0.035306816085251,0.501403300880683,0.781612029173321,0.88622510826623
"0502000603",-3.24793657241473,-0.20079684978818,0.61661891046083,0.552987269593855,2.06738283119683
"0502000604",-1.27236328109523,0.230011580226734,0.445426390278637,0.40156514740509,0.96211597135397
"0502000605",-1.43941893773583,-0.0852715304749567,0.091322547877168,0.573218420507281,0.360021434565483
"0502000606",-0.856807961108923,-0.423189062391302,-0.125890114862354,-0.348538242060172,0.611786354899654
"0502000607",0.234447160393956,0.149319774718101,-0.318987718222385,-0.0764385594700907,0.266999539280677
"0502000608",-0.703796561751561,-0.0693681637860047,0.0343418688679617,0.399366208855253,-0.0365453323765975
"0502000609",0.427932171828754,-0.274849211742808,-0.170849872332409,-0.254869417809771,-0.621078744926058
"0502000610",-1.90768851973224,0.0305941011999571,0.478356387255189,0.633972482252749,1.06595823036434
"0503010101",-0.527171445453378,0.0304994844565098,0.113299014356842,0.452468888444705,-0.142278987252613
"0503010106",-0.363041341123786,-0.019901366782038,0.000851895357880869,0.239073203122536,-0.0838199639964533
"0503010111",-1.24078481671623,0.0648149199307486,0.327532196975044,0.800776803796113,0.107575320406841
"0503010202",-0.735446472273798,-0.158939610691993,-0.0500535202342725,0.100907392378084,0.171598899023153
"0503010204",-1.55788243112897,0.0266299080698919,0.311601908343607,0.790033010926905,0.295249629838213
"0503010206",-1.07633193645483,-0.000830767818453995,0.190824553762888,0.602227835335223,0.0945481477566733
"0503010308",-0.596614706031545,0.00519561507740138,0.0927405460165214,0.371542882442563,-0.00913350291365093
"0503010401",-0.496154121987728,0.0507293594688831,0.121450919226861,0.386289404504368,-0.0312680937726152
"0503010502",-1.4064630443188,-0.161759129812442,0.0420513849441401,0.255489408798451,0.601222517080226
"0503010504",-1.47420272673427,0.0054035405864505,0.307257671544223,0.862195627350589,0.130278292671869
"0503010604",-0.43157665719295,0.0120350876584473,0.104017974892767,0.302337911847074,-0.0291941375873151
"0503010605",-0.650797692273302,-0.0305720191782601,0.16137170315766,0.384018754626182,-0.0197795651527524
"0503010606",-0.769153287513195,0.0677917286820336,0.235914359209057,0.554286345355663,0.0412147782762821
"0503010611",-1.19346048459978,0.0439327133934116,0.332581648743733,0.689135701821183,0.178940698969514
"0503010612",-0.844374569736304,0.0670521639094102,0.230317981913626,0.567596442375871,0.0976062300643198
"0503020102",-1.8345948014855,-0.0366285043409996,0.499551649292025,0.840463621164583,0.28173181485677
"0503020103",-0.989164517369404,0.0132183235705606,0.276287043302648,0.493666022410397,0.150445815531854
"0503020104",-0.822363139628175,-0.0192157748234008,0.232978611057909,0.488829570313655,-0.0896682509465566
"0503020105",-0.832679639159766,0.0453229974303775,0.247001091143223,0.557185910289291,-0.0597631975370624
"0503020204",-0.140726713519422,0.00264394034067485,0.0345874768514047,0.120904601618542,-0.0547043112300385
"0505000105",-1.28318591127826,0.0566527109423466,0.255280941329341,0.740233209961182,0.213041000937052
"0505000108",-0.197868577996981,0.0970864292432585,-0.0632723393041478,0.416263887089875,-0.320117595854451
"0505000109",-2.10692386754167,0.0302835853322442,0.546454493007229,1.05709572432281,0.583451134020496
"0505000110",-1.37099071470015,0.0898383595656156,0.34704360374045,0.884101977522635,0.197069266236843
"0505000111",-1.22709123209537,0.0810445735111168,0.293581312615962,0.760435449540156,0.182873053328127
"0505000113",-0.397503988083599,-0.210220801777346,-0.199289170859825,-0.477966309492163,0.505801183499265
"0505000114",-2.26266138607975,-0.06255942620572,0.479473535957665,0.884955465241831,0.733540527316556
"0505000115",-0.133300310489729,-0.010931756553097,0.032218190943402,0.0860281343154561,-0.0184678934588847
"0505000116",-0.981167955441424,-0.0449401179487449,0.079483572714834,0.314644666736238,0.240863605697083
"0505000117",-1.36328912183682,0.0536599494274813,0.225817059751596,0.770793108655375,0.198841229720044
"0505000118",-1.03138281262483,0.10443865963625,0.239166278143637,0.83396227174968,-0.0722220991769322
"0505000201",-0.76200126814229,0.0945323212355737,0.123433558615442,0.82774082502295,-0.365264074863883
"0505000202",-0.548780816864269,-0.0320124368531439,0.138541225176014,0.29193667022443,0.0541890979592247
"0505000203",-1.09153735327305,-0.129866296114649,0.217793574793872,0.424657715301806,0.154187549369741
"0505000204",-2.23368892721201,-0.0879232130441168,0.455966336219996,0.66701265565251,0.998739319469217
"0505000206",-0.248172314151114,-0.0271665247545641,0.0612085317846223,0.135280460196519,-0.00340525068491252
"0505000207",-0.843930455666529,0.0475553415654066,0.207891397876315,0.539476705578375,0.112655233011018
"0505000301",-2.313669728528,0.0165336159364252,0.542945818684734,0.482413482663932,1.67798879275649
"0505000302",-2.6766916357938,-0.111442464488964,0.628696941980141,0.845125576945257,1.17731317473175
"0505000304",-2.39553225028056,-0.123361136205975,0.500161088242207,0.699407412807843,1.03677272294173
"0505000305",-1.88447994813124,0.0213989896344175,0.52099070073467,0.967208866739923,0.461560778960458
"0505000307",-0.36235056596195,-0.0231572316468306,0.0804063955922612,0.212948759719169,-0.0184849572047246
"0505000309",-0.792057098629203,0.0355770476713281,0.19223287577636,0.507741637966355,0.0758217698594817
"0505000401",-2.12035214583763,-0.0197015056404386,0.51719672585737,0.814591836043702,0.761832092396709
"0505000402",-1.25372052567224,0.00540988372339237,0.328307522209802,0.696145346017818,0.180704316661544
"0505000403",-1.62282172848449,-0.110247654646816,0.361980672478405,0.50450767613736,0.410902063436356
"0505000501",-1.8150932701109,-0.453035007944843,0.238487359838252,-0.636299411921401,1.80623262770994
"0505000502",-1.77138548229666,-0.133576776001148,0.382453027263039,0.298100103297089,1.13710660874757
"0505000503",0.0403847293274569,0.0336527694926254,0.0076344509424283,0.0979928768907796,-0.10551990309106
"0505000504",0.215596384303371,-0.456579589901333,-0.19519691282651,-0.742870608959882,-0.0789177255465341
"0505000506",-0.270225691330726,-0.369454519143678,-0.137174807497321,-1.15763583590568,1.1749970287296
"0505000507",-1.48002766912051,-0.0142646220165138,0.418077105460064,0.645904258405693,0.207585820504957
"0505000508",-0.62327299751587,0.0294629930676831,0.201715891836139,0.404665984928492,-0.0777266916850856
"0505000602",-0.911208749015804,0.0165259410807611,0.265058855276817,0.469138491918225,0.117129795349444
"0505000701",-1.90284296369793,-0.544361197257872,0.29339114521094,-0.212986966007883,1.23522946753557
"0505000706",-0.181853048635648,-0.12529840591521,0.0159390427883758,-0.140681943005962,-0.0866862868003463
"0505000707",-0.0264325549905853,-0.0077917731509793,0.0114433982205707,0.0385694386258874,-0.0766124700516023
"0505000708",-0.631261029563828,0.0186053701305412,0.19204978497315,0.355775627475854,0.0203506034769826
"0505000709",-0.706581323692646,0.0165921361748675,0.22123445632987,0.452132056166474,-0.180552925520943
"0505000803",-0.494791025369896,0.042323943266415,0.174767499499939,0.439963944543149,-0.184697723606027
"0505000901",-1.47204109404298,-0.0986411586996311,0.372002654639176,0.45791176857066,0.371685345760015
"0505000903",-0.274252625167446,0.022585738346351,0.101238366336212,0.250224543792123,-0.140556074505301
"0505000905",-0.187189762001285,0.0200821302177345,0.0688501997287674,0.185578989332456,-0.119088032632274
"0505000906",-0.483722849778462,0.0188842971842183,0.165419523260218,0.357758695416051,-0.170861979392316
"0507010102",-0.671028496831036,-0.102994067414449,0.156722331423235,0.153206810205848,0.100723147481555
"0507010103",-1.96534931203061,-0.0502204007232585,0.535358281402006,0.953626921404345,0.238381284225158
"0507010105",-1.02713841281476,-0.0194544249951385,0.294819863496906,0.529472688667206,0.0301520594609155
"0507010201",-0.394712124278329,0.0389598911824441,0.137989675312345,0.327562560161439,-0.0967390639542033
"0507010202",-0.237491934943445,0.0337844239717282,0.0918110009944693,0.243576963106867,-0.126543298301521
"0507010203",-0.323667995646881,0.0289723570751615,0.112413837134805,0.308217942639945,-0.161481809432554
"0507020102",-1.11801790239079,0.0605245190218215,0.347548322049737,0.743106604157064,0.037348635616602
"0507020103",-0.59896885359702,0.0550224370304615,0.208460622570851,0.515542885176772,-0.165474517498522
"0507020106",-0.221365857045452,0.0226775949900248,0.0845971757901048,0.232835782240532,-0.137107195724017
"0507020201",-0.685286436518277,-0.0361386865897645,0.18925479994075,0.422172572346184,-0.0928095068297984
"0509010110",-0.11531076482685,0.0157920158418012,0.0436812998156587,0.135190526624678,-0.0837250317609847
"0509010202",-0.207317909937928,-0.0201592675460716,0.0676404284463535,0.164710020510042,-0.134181713273356
"0601010101",-1.29075265194306,-0.0282306082893048,0.348008223501199,0.659373156747084,0.215046503824536
"0601010201",-2.214519789387,0.305267222938735,0.604096060178511,0.417640791686915,2.30237220543622
"0601010202",0.377662094123772,0.0187580063915254,-0.0819833332178566,-0.0816419536314842,-0.200032037838533
"0601020501",-1.61516856473496,0.0516679826486629,0.387618732339458,0.90282528027879,0.29857233495899
"0601020502",-0.15621523249531,-0.0523949018622388,-0.0953349008696682,-0.0239883338341123,-0.0622850771202825
"0601020505",-0.651136336928325,-0.0453034296324347,0.00829215201416073,0.109536844307667,0.284400279134246
"0601020506",-0.410369986413611,-0.281188673099864,-0.0347618196017144,-0.776623238427031,0.806307784315702
"0601020507",-0.0377658230731677,0.0194402860661302,-0.0308068139705742,0.112447366595596,-0.160390111289664
"0601020601",0.0423952623628431,-0.0509472758907138,-0.0230401204807027,-0.0699970206596306,-0.090164599829494
"0601020602",-0.586602659287279,-0.00688920149621263,0.175505736580143,0.325963716903726,-0.0291447747496773
"0601020603",-0.295100422111091,0.010005529798875,0.0855331654245893,0.285831646335636,-0.248920400593394
"0601020604",-0.00850610096316219,-0.00380607792201348,0.00150496163370491,0.023071764345832,-0.046382906861025
